id,product_id,product_tmpl_id,product_uom_id,is_favorite,company_id,location_id,warehouse_id,storage_category_id,cyclic_inventory_frequency,lot_id,lot_properties,sn_duplicated,package_id,owner_id,quantity,reserved_quantity,available_quantity,in_date,tracking,on_hand,product_categ_id,inventory_quantity,inventory_quantity_auto_apply,inventory_diff_quantity,inventory_date,last_count_date,inventory_quantity_set,is_outdated,user_id,display_name,create_uid,create_date,write_uid,write_date,value,currency_id,accounting_date,cost_method,dummy_id,image_1920,product_reference_code
55013,"[14948, '[10 11 33 07 816 0129] 7424625740364 JeanHoSkinMedi 32 28']","[14948, '[10 11 33 07 816 0129] 7424625740364 JeanHoSkinMedi 32 28']","[1, 'Units']",False,"[1, 'Unik Fashion, S.A.']","[180, 'MAL01/Existencias']","[29, 'Sucursal Malacatán']",False,0,False,[],False,False,False,1.0,0.0,1.0,2026-04-14 15:18:31,none,False,"[26, 'COLORS']",0.0,1.0,0.0,2026-12-31,2026-04-14,False,False,False,MAL01/Existencias,"[2, 'Administrator']",2026-04-14 06:10:22,"[2, 'Administrator']",2026-04-14 15:17:16,0.0,"[165, 'GTQ']",False,average,,False,10 11 33 07 816 0129
55014,"[14952, '[10 11 33 07 816 0129] 7424625740401 JeanHoSkinMedi 33 28']","[14952, '[10 11 33 07 816 0129] 7424625740401 JeanHoSkinMedi 33 28']","[1, 'Units']",False,"[1, 'Unik Fashion, S.A.']","[180, 'MAL01/Existencias']","[29, 'Sucursal Malacatán']",False,0,False,[],False,False,False,1.0,0.0,1.0,2026-04-14 15:18:31,none,False,"[26, 'COLORS']",0.0,1.0,0.0,2026-12-31,2026-04-14,False,False,False,MAL01/Existencias,"[2, 'Administrator']",2026-04-14 06:10:22,"[2, 'Administrator']",2026-04-14 15:17:16,0.0,"[165, 'GTQ']",False,average,,False,10 11 33 07 816 0129
55024,"[14726, '[10 11 33 07 816 0129] 7424611660034 PepeJeanHoSkinMedi0781T-36 12']","[14726, '[10 11 33 07 816 0129] 7424611660034 PepeJeanHoSkinMedi0781T-36 12']","[1, 'Units']",False,"[1, 'Unik Fashion, S.A.']","[180, 'MAL01/Existencias']","[29, 'Sucursal Malacatán']",False,0,False,[],False,False,False,1.0,0.0,1.0,2026-04-14 15:18:31,none,False,"[26, 'COLORS']",0.0,1.0,0.0,2026-12-31,2026-04-14,False,False,False,MAL01/Existencias,"[2, 'Administrator']",2026-04-14 06:10:22,"[2, 'Administrator']",2026-04-14 15:17:16,0.0,"[165, 'GTQ']",False,average,,False,10 11 33 07 816 0129
55036,"[14724, '[10 11 33 07 816 0129] 7424611660003 PepeJeanHoSkinMedi0781T-31 12']","[14724, '[10 11 33 07 816 0129] 7424611660003 PepeJeanHoSkinMedi0781T-31 12']","[1, 'Units']",False,"[1, 'Unik Fashion, S.A.']","[180, 'MAL01/Existencias']","[29, 'Sucursal Malacatán']",False,0,False,[],False,False,False,1.0,0.0,1.0,2026-04-14 15:18:31,none,False,"[26, 'COLORS']",0.0,1.0,0.0,2026-12-31,2026-04-14,False,False,False,MAL01/Existencias,"[2, 'Administrator']",2026-04-14 06:10:22,"[2, 'Administrator']",2026-04-14 15:17:16,0.0,"[165, 'GTQ']",False,average,,False,10 11 33 07 816 0129
55042,"[14727, '[10 11 33 07 816 0129] 7424611660140 PepeJeanHoSkinMedi0781T-33 12']","[14727, '[10 11 33 07 816 0129] 7424611660140 PepeJeanHoSkinMedi0781T-33 12']","[1, 'Units']",False,"[1, 'Unik Fashion, S.A.']","[180, 'MAL01/Existencias']","[29, 'Sucursal Malacatán']",False,0,False,[],False,False,False,1.0,0.0,1.0,2026-04-14 15:18:31,none,False,"[26, 'COLORS']",0.0,1.0,0.0,2026-12-31,2026-04-14,False,False,False,MAL01/Existencias,"[2, 'Administrator']",2026-04-14 06:10:22,"[2, 'Administrator']",2026-04-14 15:17:16,0.0,"[165, 'GTQ']",False,average,,False,10 11 33 07 816 0129
55043,"[15296, '[10 11 33 07 816 0129] [7424641024523] JEANS HOMBRE SKINNY MEDIUM RISE  T-36 4U']","[15296, '[10 11 33 07 816 0129] [7424641024523] JEANS HOMBRE SKINNY MEDIUM RISE  T-36 4U']","[1, 'Units']",False,"[1, 'Unik Fashion, S.A.']","[180, 'MAL01/Existencias']","[29, 'Sucursal Malacatán']",False,0,False,[],False,False,False,1.0,0.0,1.0,2026-04-14 15:18:31,none,False,"[26, 'COLORS']",0.0,1.0,0.0,2026-12-31,2026-04-14,False,False,False,MAL01/Existencias,"[2, 'Administrator']",2026-04-14 06:10:22,"[2, 'Administrator']",2026-04-14 15:17:16,0.0,"[165, 'GTQ']",False,average,,False,10 11 33 07 816 0129
55044,"[15293, '[10 11 33 07 816 0129] [7424641024493] JEANS HOMBRE SKINNY MEDIUM RISE  T-32 4U']","[15293, '[10 11 33 07 816 0129] [7424641024493] JEANS HOMBRE SKINNY MEDIUM RISE  T-32 4U']","[1, 'Units']",False,"[1, 'Unik Fashion, S.A.']","[180, 'MAL01/Existencias']","[29, 'Sucursal Malacatán']",False,0,False,[],False,False,False,1.0,0.0,1.0,2026-04-14 15:18:31,none,False,"[26, 'COLORS']",0.0,1.0,0.0,2026-12-31,2026-04-14,False,False,False,MAL01/Existencias,"[2, 'Administrator']",2026-04-14 06:10:22,"[2, 'Administrator']",2026-04-14 15:17:16,0.0,"[165, 'GTQ']",False,average,,False,10 11 33 07 816 0129
55048,"[15294, '[10 11 33 07 816 0129] [7424641024509] JEANS HOMBRE SKINNY MEDIUM RISE  T-33 4U']","[15294, '[10 11 33 07 816 0129] [7424641024509] JEANS HOMBRE SKINNY MEDIUM RISE  T-33 4U']","[1, 'Units']",False,"[1, 'Unik Fashion, S.A.']","[180, 'MAL01/Existencias']","[29, 'Sucursal Malacatán']",False,0,False,[],False,False,False,1.0,0.0,1.0,2026-04-14 15:18:31,none,False,"[26, 'COLORS']",0.0,1.0,0.0,2026-12-31,2026-04-14,False,False,False,MAL01/Existencias,"[2, 'Administrator']",2026-04-14 06:10:22,"[2, 'Administrator']",2026-04-14 15:17:16,0.0,"[165, 'GTQ']",False,average,,False,10 11 33 07 816 0129
55050,"[14785, '[30 1 1 917 31 0001] 7424619001389 CalcHoMedi 3-PACK-H CS']","[14785, '[30 1 1 917 31 0001] 7424619001389 CalcHoMedi 3-PACK-H CS']","[1, 'Units']",False,"[1, 'Unik Fashion, S.A.']","[180, 'MAL01/Existencias']","[29, 'Sucursal Malacatán']",False,0,False,[],False,False,False,1.0,0.0,1.0,2026-04-14 15:18:31,none,False,"[27, 'CALCETA DEPORTIVA MEDIA TOALLA']",0.0,1.0,0.0,2026-12-31,2026-04-14,False,False,False,MAL01/Existencias,"[2, 'Administrator']",2026-04-14 06:10:22,"[2, 'Administrator']",2026-04-14 15:17:16,7.95,"[165, 'GTQ']",False,average,,False,30 1 1 917 31 0001
55052,"[14955, '[10 11 33 07 816 0129] 7424625740432 JEANS HOMBRE SKINNY MEDIUM RISE  T-29 LATON NEGRO COBRE']","[14955, '[10 11 33 07 816 0129] 7424625740432 JEANS HOMBRE SKINNY MEDIUM RISE  T-29 LATON NEGRO COBRE']","[1, 'Units']",False,"[1, 'Unik Fashion, S.A.']","[180, 'MAL01/Existencias']","[29, 'Sucursal Malacatán']",False,0,False,[],False,False,False,1.0,0.0,1.0,2026-04-14 15:18:31,none,False,"[26, 'COLORS']",0.0,1.0,0.0,2026-12-31,2026-04-14,False,False,False,MAL01/Existencias,"[2, 'Administrator']",2026-04-14 06:10:22,"[2, 'Administrator']",2026-04-14 15:17:16,0.0,"[165, 'GTQ']",False,average,,False,10 11 33 07 816 0129
55053,"[14960, '[10 11 33 07 816 0129] 7424625740487 JEANS HOMBRE SKINNY MEDIUM RISE  T-34 LATON NEGRO COBRE']","[14960, '[10 11 33 07 816 0129] 7424625740487 JEANS HOMBRE SKINNY MEDIUM RISE  T-34 LATON NEGRO COBRE']","[1, 'Units']",False,"[1, 'Unik Fashion, S.A.']","[180, 'MAL01/Existencias']","[29, 'Sucursal Malacatán']",False,0,False,[],False,False,False,1.0,0.0,1.0,2026-04-14 15:18:31,none,False,"[26, 'COLORS']",0.0,1.0,0.0,2026-12-31,2026-04-14,False,False,False,MAL01/Existencias,"[2, 'Administrator']",2026-04-14 06:10:22,"[2, 'Administrator']",2026-04-14 15:17:16,0.0,"[165, 'GTQ']",False,average,,False,10 11 33 07 816 0129
55055,"[14957, '[10 11 33 07 816 0129] 7424625740456 JEANS HOMBRE SKINNY MEDIUM RISE  T-31 LATON NEGRO COBRE']","[14957, '[10 11 33 07 816 0129] 7424625740456 JEANS HOMBRE SKINNY MEDIUM RISE  T-31 LATON NEGRO COBRE']","[1, 'Units']",False,"[1, 'Unik Fashion, S.A.']","[180, 'MAL01/Existencias']","[29, 'Sucursal Malacatán']",False,0,False,[],False,False,False,1.0,0.0,1.0,2026-04-14 15:18:31,none,False,"[26, 'COLORS']",0.0,1.0,0.0,2026-12-31,2026-04-14,False,False,False,MAL01/Existencias,"[2, 'Administrator']",2026-04-14 06:10:22,"[2, 'Administrator']",2026-04-14 15:17:16,0.0,"[165, 'GTQ']",False,average,,False,10 11 33 07 816 0129
55056,"[14621, '[30 1 1 918 31 0001] 7423398637321 CalcHoCort 3-PACK-H O1']","[14621, '[30 1 1 918 31 0001] 7423398637321 CalcHoCort 3-PACK-H O1']","[1, 'Units']",False,"[1, 'Unik Fashion, S.A.']","[180, 'MAL01/Existencias']","[29, 'Sucursal Malacatán']",False,0,False,[],False,False,False,1.0,0.0,1.0,2026-04-14 15:18:31,none,False,"[27, 'CALCETA DEPORTIVA MEDIA TOALLA']",0.0,1.0,0.0,2026-12-31,2026-04-14,False,False,False,MAL01/Existencias,"[2, 'Administrator']",2026-04-14 06:10:22,"[2, 'Administrator']",2026-04-14 15:17:16,0.0,"[165, 'GTQ']",False,average,,False,30 1 1 918 31 0001
55058,"[14958, '[10 11 33 07 816 0129] 7424625740463 JEANS HOMBRE SKINNY MEDIUM RISE  T-32 LATON NEGRO COBRE']","[14958, '[10 11 33 07 816 0129] 7424625740463 JEANS HOMBRE SKINNY MEDIUM RISE  T-32 LATON NEGRO COBRE']","[1, 'Units']",False,"[1, 'Unik Fashion, S.A.']","[180, 'MAL01/Existencias']","[29, 'Sucursal Malacatán']",False,0,False,[],False,False,False,1.0,0.0,1.0,2026-04-14 15:18:31,none,False,"[26, 'COLORS']",0.0,1.0,0.0,2026-12-31,2026-04-14,False,False,False,MAL01/Existencias,"[2, 'Administrator']",2026-04-14 06:10:22,"[2, 'Administrator']",2026-04-14 15:17:16,0.0,"[165, 'GTQ']",False,average,,False,10 11 33 07 816 0129
55059,"[14959, '[10 11 33 07 816 0129] 7424625740470 JEANS HOMBRE SKINNY MEDIUM RISE  T-33 LATON NEGRO COBRE']","[14959, '[10 11 33 07 816 0129] 7424625740470 JEANS HOMBRE SKINNY MEDIUM RISE  T-33 LATON NEGRO COBRE']","[1, 'Units']",False,"[1, 'Unik Fashion, S.A.']","[180, 'MAL01/Existencias']","[29, 'Sucursal Malacatán']",False,0,False,[],False,False,False,1.0,0.0,1.0,2026-04-14 15:18:31,none,False,"[26, 'COLORS']",0.0,1.0,0.0,2026-12-31,2026-04-14,False,False,False,MAL01/Existencias,"[2, 'Administrator']",2026-04-14 06:10:22,"[2, 'Administrator']",2026-04-14 15:17:16,0.0,"[165, 'GTQ']",False,average,,False,10 11 33 07 816 0129
55066,"[17465, '[30 1 1 995 36 0014] 7424667556008 POLO MODA HOMBRE REGULAR FIT ROJO T-M']","[17465, '[30 1 1 995 36 0014] 7424667556008 POLO MODA HOMBRE REGULAR FIT ROJO T-M']","[1, 'Units']",False,"[1, 'Unik Fashion, S.A.']","[180, 'MAL01/Existencias']","[29, 'Sucursal Malacatán']",False,0,False,[],False,False,False,1.0,0.0,1.0,2026-04-14 15:18:31,none,False,"[36, 'POLO MODA']",0.0,1.0,0.0,2026-12-31,2026-04-14,False,False,False,MAL01/Existencias,"[2, 'Administrator']",2026-04-14 06:10:22,"[2, 'Administrator']",2026-04-14 15:17:16,0.0,"[165, 'GTQ']",False,average,,False,30 1 1 995 36 0014
55069,"[16062, '[10 11 33 07 816 0129] 7424645177317 JEANS HOMBRE SKINNY MEDIUM RISE  KHAKI CLARO T-29']","[16062, '[10 11 33 07 816 0129] 7424645177317 JEANS HOMBRE SKINNY MEDIUM RISE  KHAKI CLARO T-29']","[1, 'Units']",False,"[1, 'Unik Fashion, S.A.']","[180, 'MAL01/Existencias']","[29, 'Sucursal Malacatán']",False,0,False,[],False,False,False,1.0,0.0,1.0,2026-04-14 15:18:31,none,False,"[26, 'COLORS']",0.0,1.0,0.0,2026-12-31,2026-04-14,False,False,False,MAL01/Existencias,"[2, 'Administrator']",2026-04-14 06:10:22,"[2, 'Administrator']",2026-04-14 15:17:16,0.0,"[165, 'GTQ']",False,average,,False,10 11 33 07 816 0129
55070,"[16067, '[10 11 33 07 816 0129] 7424645177362 JEANS HOMBRE SKINNY MEDIUM RISE  KHAKI CLARO T-34']","[16067, '[10 11 33 07 816 0129] 7424645177362 JEANS HOMBRE SKINNY MEDIUM RISE  KHAKI CLARO T-34']","[1, 'Units']",False,"[1, 'Unik Fashion, S.A.']","[180, 'MAL01/Existencias']","[29, 'Sucursal Malacatán']",False,0,False,[],False,False,False,1.0,0.0,1.0,2026-04-14 15:18:31,none,False,"[26, 'COLORS']",0.0,1.0,0.0,2026-12-31,2026-04-14,False,False,False,MAL01/Existencias,"[2, 'Administrator']",2026-04-14 06:10:22,"[2, 'Administrator']",2026-04-14 15:17:16,0.0,"[165, 'GTQ']",False,average,,False,10 11 33 07 816 0129
55071,"[18173, '[10 11 33 03 781 0022] 7424675614219 JEANS MUJER LONG STRAIGHT SUPER HIGH RISE INDIGO MEDIO T-27']","[18173, '[10 11 33 03 781 0022] 7424675614219 JEANS MUJER LONG STRAIGHT SUPER HIGH RISE INDIGO MEDIO T-27']","[1, 'Units']",False,"[1, 'Unik Fashion, S.A.']","[180, 'MAL01/Existencias']","[29, 'Sucursal Malacatán']",False,0,False,[],False,False,False,1.0,0.0,1.0,2026-04-14 15:18:31,none,False,"[25, 'VINTAGE']",0.0,1.0,0.0,2026-12-31,2026-04-14,False,False,False,MAL01/Existencias,"[2, 'Administrator']",2026-04-14 06:10:22,"[2, 'Administrator']",2026-04-14 15:17:16,0.0,"[165, 'GTQ']",False,average,,False,10 11 33 03 781 0022
55072,"[16068, '[10 11 33 07 816 0129] 7424645177379 JEANS HOMBRE SKINNY MEDIUM RISE  KHAKI CLARO T-36']","[16068, '[10 11 33 07 816 0129] 7424645177379 JEANS HOMBRE SKINNY MEDIUM RISE  KHAKI CLARO T-36']","[1, 'Units']",False,"[1, 'Unik Fashion, S.A.']","[180, 'MAL01/Existencias']","[29, 'Sucursal Malacatán']",False,0,False,[],False,False,False,1.0,0.0,1.0,2026-04-14 15:18:31,none,False,"[26, 'COLORS']",0.0,1.0,0.0,2026-12-31,2026-04-14,False,False,False,MAL01/Existencias,"[2, 'Administrator']",2026-04-14 06:10:22,"[2, 'Administrator']",2026-04-14 15:17:16,0.0,"[165, 'GTQ']",False,average,,False,10 11 33 07 816 0129
55074,"[16063, '[10 11 33 07 816 0129] 7424645177324 JEANS HOMBRE SKINNY MEDIUM RISE  KHAKI CLARO T-30']","[16063, '[10 11 33 07 816 0129] 7424645177324 JEANS HOMBRE SKINNY MEDIUM RISE  KHAKI CLARO T-30']","[1, 'Units']",False,"[1, 'Unik Fashion, S.A.']","[180, 'MAL01/Existencias']","[29, 'Sucursal Malacatán']",False,0,False,[],False,False,False,1.0,0.0,1.0,2026-04-14 15:18:31,none,False,"[26, 'COLORS']",0.0,1.0,0.0,2026-12-31,2026-04-14,False,False,False,MAL01/Existencias,"[2, 'Administrator']",2026-04-14 06:10:22,"[2, 'Administrator']",2026-04-14 15:17:16,0.0,"[165, 'GTQ']",False,average,,False,10 11 33 07 816 0129
55077,"[16824, '[10 11 33 03 781 0006] 7424659592939 JEANS MUJER LONG STRAIGHT SUPER HIGH RISE INDIGO MEDIO T-28']","[16824, '[10 11 33 03 781 0006] 7424659592939 JEANS MUJER LONG STRAIGHT SUPER HIGH RISE INDIGO MEDIO T-28']","[1, 'Units']",False,"[1, 'Unik Fashion, S.A.']","[180, 'MAL01/Existencias']","[29, 'Sucursal Malacatán']",False,0,False,[],False,False,False,1.0,0.0,1.0,2026-04-14 15:18:31,none,False,"[25, 'VINTAGE']",0.0,1.0,0.0,2026-12-31,2026-04-14,False,False,False,MAL01/Existencias,"[2, 'Administrator']",2026-04-14 06:10:22,"[2, 'Administrator']",2026-04-14 15:17:16,0.0,"[165, 'GTQ']",False,average,,False,10 11 33 03 781 0006
55078,"[16064, '[10 11 33 07 816 0129] 7424645177331 JEANS HOMBRE SKINNY MEDIUM RISE  KHAKI CLARO T-31']","[16064, '[10 11 33 07 816 0129] 7424645177331 JEANS HOMBRE SKINNY MEDIUM RISE  KHAKI CLARO T-31']","[1, 'Units']",False,"[1, 'Unik Fashion, S.A.']","[180, 'MAL01/Existencias']","[29, 'Sucursal Malacatán']",False,0,False,[],False,False,False,1.0,0.0,1.0,2026-04-14 15:18:31,none,False,"[26, 'COLORS']",0.0,1.0,0.0,2026-12-31,2026-04-14,False,False,False,MAL01/Existencias,"[2, 'Administrator']",2026-04-14 06:10:22,"[2, 'Administrator']",2026-04-14 15:17:16,0.0,"[165, 'GTQ']",False,average,,False,10 11 33 07 816 0129
55080,"[18174, '[10 11 33 03 781 0022] 7424675614226 JEANS MUJER LONG STRAIGHT SUPER HIGH RISE INDIGO MEDIO T-28']","[18174, '[10 11 33 03 781 0022] 7424675614226 JEANS MUJER LONG STRAIGHT SUPER HIGH RISE INDIGO MEDIO T-28']","[1, 'Units']",False,"[1, 'Unik Fashion, S.A.']","[180, 'MAL01/Existencias']","[29, 'Sucursal Malacatán']",False,0,False,[],False,False,False,1.0,0.0,1.0,2026-04-14 15:18:31,none,False,"[25, 'VINTAGE']",0.0,1.0,0.0,2026-12-31,2026-04-14,False,False,False,MAL01/Existencias,"[2, 'Administrator']",2026-04-14 06:10:22,"[2, 'Administrator']",2026-04-14 15:17:16,0.0,"[165, 'GTQ']",False,average,,False,10 11 33 03 781 0022
55083,"[19917, '[34 101 1614 900 0004] 7425860502366 CamiHoC/vSlim S 51']","[19917, '[34 101 1614 900 0004] 7425860502366 CamiHoC/vSlim S 51']","[1, 'Units']",False,"[1, 'Unik Fashion, S.A.']","[180, 'MAL01/Existencias']","[29, 'Sucursal Malacatán']",False,0,False,[],False,False,False,1.0,0.0,1.0,2026-04-14 15:18:31,none,False,"[22, 'BASIC JERSEY SOLIDO']",0.0,1.0,0.0,2026-12-31,2026-04-14,False,False,False,MAL01/Existencias,"[2, 'Administrator']",2026-04-14 06:10:22,"[27, 'Raul Casuela']",2026-05-06 18:50:05,0.0,"[165, 'GTQ']",False,average,,False,34 101 1614 900 0004
55084,"[16065, '[10 11 33 07 816 0129] 7424645177348 JEANS HOMBRE SKINNY MEDIUM RISE  KHAKI CLARO T-32']","[16065, '[10 11 33 07 816 0129] 7424645177348 JEANS HOMBRE SKINNY MEDIUM RISE  KHAKI CLARO T-32']","[1, 'Units']",False,"[1, 'Unik Fashion, S.A.']","[180, 'MAL01/Existencias']","[29, 'Sucursal Malacatán']",False,0,False,[],False,False,False,1.0,0.0,1.0,2026-04-14 15:18:31,none,False,"[26, 'COLORS']",0.0,1.0,0.0,2026-12-31,2026-04-14,False,False,False,MAL01/Existencias,"[2, 'Administrator']",2026-04-14 06:10:22,"[2, 'Administrator']",2026-04-14 15:17:16,0.0,"[165, 'GTQ']",False,average,,False,10 11 33 07 816 0129
55085,"[16073, '[10 11 33 07 711 0119] 7424645177805 JEANS MUJER SKINNY HIGH RISE NEGRO T-30']","[16073, '[10 11 33 07 711 0119] 7424645177805 JEANS MUJER SKINNY HIGH RISE NEGRO T-30']","[1, 'Units']",False,"[1, 'Unik Fashion, S.A.']","[180, 'MAL01/Existencias']","[29, 'Sucursal Malacatán']",False,0,False,[],False,False,False,1.0,0.0,1.0,2026-04-14 15:18:31,none,False,"[26, 'COLORS']",0.0,1.0,0.0,2026-12-31,2026-04-14,False,False,False,MAL01/Existencias,"[2, 'Administrator']",2026-04-14 06:10:22,"[2, 'Administrator']",2026-04-14 15:17:16,0.0,"[165, 'GTQ']",False,average,,False,10 11 33 07 711 0119
55089,"[14811, '[10 11 33 07 814 0113] 7424619029376 JeanHoSlimMedi 29 28']","[14811, '[10 11 33 07 814 0113] 7424619029376 JeanHoSlimMedi 29 28']","[1, 'Units']",False,"[1, 'Unik Fashion, S.A.']","[180, 'MAL01/Existencias']","[29, 'Sucursal Malacatán']",False,0,False,[],False,False,False,1.0,0.0,1.0,2026-04-14 15:18:31,none,False,"[26, 'COLORS']",0.0,1.0,0.0,2026-12-31,2026-04-14,False,False,False,MAL01/Existencias,"[2, 'Administrator']",2026-04-14 06:10:22,"[2, 'Administrator']",2026-04-14 15:17:16,0.0,"[165, 'GTQ']",False,average,,False,10 11 33 07 814 0113
55091,"[18906, '[10 11 33 03 781 0022] 7424675645695 JEANS MUJER LONG STRAIGHT SUPER HIGH RISE INDIGO MEDIO T-26']","[18906, '[10 11 33 03 781 0022] 7424675645695 JEANS MUJER LONG STRAIGHT SUPER HIGH RISE INDIGO MEDIO T-26']","[1, 'Units']",False,"[1, 'Unik Fashion, S.A.']","[180, 'MAL01/Existencias']","[29, 'Sucursal Malacatán']",False,0,False,[],False,False,False,1.0,0.0,1.0,2026-04-14 15:18:31,none,False,"[25, 'VINTAGE']",0.0,1.0,0.0,2026-12-31,2026-04-14,False,False,False,MAL01/Existencias,"[2, 'Administrator']",2026-04-14 06:10:22,"[2, 'Administrator']",2026-04-14 15:17:16,0.0,"[165, 'GTQ']",False,average,,False,10 11 33 03 781 0022
55101,"[14813, '[10 11 33 07 814 0113] 7424619029390 JeanHoSlimMedi 31 28']","[14813, '[10 11 33 07 814 0113] 7424619029390 JeanHoSlimMedi 31 28']","[1, 'Units']",False,"[1, 'Unik Fashion, S.A.']","[180, 'MAL01/Existencias']","[29, 'Sucursal Malacatán']",False,0,False,[],False,False,False,1.0,0.0,1.0,2026-04-14 15:18:31,none,False,"[26, 'COLORS']",0.0,1.0,0.0,2026-12-31,2026-04-14,False,False,False,MAL01/Existencias,"[2, 'Administrator']",2026-04-14 06:10:22,"[2, 'Administrator']",2026-04-14 15:17:16,0.0,"[165, 'GTQ']",False,average,,False,10 11 33 07 814 0113
55102,"[19624, '[35 121 0114 947 0020] 7424675672844 CAMISETA UNISEX C/R OVERSIZED AZUL FRANCES T-S']","[19624, '[35 121 0114 947 0020] 7424675672844 CAMISETA UNISEX C/R OVERSIZED AZUL FRANCES T-S']","[1, 'Units']",False,"[1, 'Unik Fashion, S.A.']","[180, 'MAL01/Existencias']","[29, 'Sucursal Malacatán']",False,0,False,[],False,False,False,1.0,0.0,1.0,2026-04-14 15:18:31,none,False,"[28, 'GRAPHICS']",0.0,1.0,0.0,2026-12-31,2026-04-14,False,False,False,MAL01/Existencias,"[2, 'Administrator']",2026-04-14 06:10:22,"[2, 'Administrator']",2026-04-14 15:17:16,0.0,"[165, 'GTQ']",False,average,,False,35 121 0114 947 0020
55104,"[14815, '[10 11 33 07 814 0113] 7424619029437 JeanHoSlimMedi 38 28']","[14815, '[10 11 33 07 814 0113] 7424619029437 JeanHoSlimMedi 38 28']","[1, 'Units']",False,"[1, 'Unik Fashion, S.A.']","[180, 'MAL01/Existencias']","[29, 'Sucursal Malacatán']",False,0,False,[],False,False,False,1.0,0.0,1.0,2026-04-14 15:18:31,none,False,"[26, 'COLORS']",0.0,1.0,0.0,2026-12-31,2026-04-14,False,False,False,MAL01/Existencias,"[2, 'Administrator']",2026-04-14 06:10:22,"[2, 'Administrator']",2026-04-14 15:17:16,0.0,"[165, 'GTQ']",False,average,,False,10 11 33 07 814 0113
55105,"[16280, '[10 11 33 07 816 0155] 7424653168963 JEANS HOMBRE SKINNY MEDIUM RISE CASTAÑO NUEVO T-36']","[16280, '[10 11 33 07 816 0155] 7424653168963 JEANS HOMBRE SKINNY MEDIUM RISE CASTAÑO NUEVO T-36']","[1, 'Units']",False,"[1, 'Unik Fashion, S.A.']","[180, 'MAL01/Existencias']","[29, 'Sucursal Malacatán']",False,0,False,[],False,False,False,1.0,0.0,1.0,2026-04-14 15:18:31,none,False,"[26, 'COLORS']",0.0,1.0,0.0,2026-12-31,2026-04-14,False,False,False,MAL01/Existencias,"[2, 'Administrator']",2026-04-14 06:10:22,"[2, 'Administrator']",2026-04-14 15:17:16,0.0,"[165, 'GTQ']",False,average,,False,10 11 33 07 816 0155
55107,"[14742, '[34 101 1614 900 0004] 7424611684078 Pepe CAMISETA HOMBRE C/V SLIMT-L BX']","[14742, '[34 101 1614 900 0004] 7424611684078 Pepe CAMISETA HOMBRE C/V SLIMT-L BX']","[1, 'Units']",False,"[1, 'Unik Fashion, S.A.']","[180, 'MAL01/Existencias']","[29, 'Sucursal Malacatán']",False,0,False,[],False,False,False,1.0,0.0,1.0,2026-04-14 15:18:31,none,False,"[22, 'BASIC JERSEY SOLIDO']",0.0,1.0,0.0,2026-12-31,2026-04-14,False,False,False,MAL01/Existencias,"[2, 'Administrator']",2026-04-14 06:10:22,"[27, 'Raul Casuela']",2026-05-06 18:50:05,0.0,"[165, 'GTQ']",False,average,,False,34 101 1614 900 0004
55108,"[18175, '[10 11 33 03 781 0022] 7424675614233 JEANS MUJER LONG STRAIGHT SUPER HIGH RISE INDIGO MEDIO T-29']","[18175, '[10 11 33 03 781 0022] 7424675614233 JEANS MUJER LONG STRAIGHT SUPER HIGH RISE INDIGO MEDIO T-29']","[1, 'Units']",False,"[1, 'Unik Fashion, S.A.']","[180, 'MAL01/Existencias']","[29, 'Sucursal Malacatán']",False,0,False,[],False,False,False,1.0,0.0,1.0,2026-04-14 15:18:31,none,False,"[25, 'VINTAGE']",0.0,1.0,0.0,2026-12-31,2026-04-14,False,False,False,MAL01/Existencias,"[2, 'Administrator']",2026-04-14 06:10:22,"[2, 'Administrator']",2026-04-14 15:17:16,0.0,"[165, 'GTQ']",False,average,,False,10 11 33 03 781 0022
55117,"[19643, '[34 101 1614 900 0004] 7424675677184 CAMISETA HOMBRE C/V SLIM FIT AVENA T-L']","[19643, '[34 101 1614 900 0004] 7424675677184 CAMISETA HOMBRE C/V SLIM FIT AVENA T-L']","[1, 'Units']",False,"[1, 'Unik Fashion, S.A.']","[180, 'MAL01/Existencias']","[29, 'Sucursal Malacatán']",False,0,False,[],False,False,False,1.0,0.0,1.0,2026-04-14 15:18:31,none,False,"[22, 'BASIC JERSEY SOLIDO']",0.0,1.0,0.0,2026-12-31,2026-04-14,False,False,False,MAL01/Existencias,"[2, 'Administrator']",2026-04-14 06:10:22,"[2, 'Administrator']",2026-04-14 15:17:16,0.0,"[165, 'GTQ']",False,average,,False,34 101 1614 900 0004
55121,"[16275, '[10 11 33 07 816 0155] 7424653168918 JEANS HOMBRE SKINNY MEDIUM RISE CASTAÑO NUEVO T-30']","[16275, '[10 11 33 07 816 0155] 7424653168918 JEANS HOMBRE SKINNY MEDIUM RISE CASTAÑO NUEVO T-30']","[1, 'Units']",False,"[1, 'Unik Fashion, S.A.']","[180, 'MAL01/Existencias']","[29, 'Sucursal Malacatán']",False,0,False,[],False,False,False,1.0,0.0,1.0,2026-04-14 15:18:31,none,False,"[26, 'COLORS']",0.0,1.0,0.0,2026-12-31,2026-04-14,False,False,False,MAL01/Existencias,"[2, 'Administrator']",2026-04-14 06:10:22,"[2, 'Administrator']",2026-04-14 15:17:16,0.0,"[165, 'GTQ']",False,average,,False,10 11 33 07 816 0155
55123,"[19011, '[34 102 2210 905 0001] 7424675651528 BOXER HOMBRE BRIEF 3PACK OCRE/ASFALTO/ACERO OSCURO T-M']","[19011, '[34 102 2210 905 0001] 7424675651528 BOXER HOMBRE BRIEF 3PACK OCRE/ASFALTO/ACERO OSCURO T-M']","[1, 'Units']",False,"[1, 'Unik Fashion, S.A.']","[180, 'MAL01/Existencias']","[29, 'Sucursal Malacatán']",False,0,False,[],False,False,False,1.0,0.0,1.0,2026-04-14 15:18:31,none,False,"[24, 'BASIC SPANDEX']",0.0,1.0,0.0,2026-12-31,2026-04-14,False,False,False,MAL01/Existencias,"[2, 'Administrator']",2026-04-14 06:10:22,"[2, 'Administrator']",2026-04-14 15:17:16,0.0,"[165, 'GTQ']",False,average,,False,34 102 2210 905 0001
55127,"[16278, '[10 11 33 07 816 0155] 7424653168949 JEANS HOMBRE SKINNY MEDIUM RISE CASTAÑO NUEVO T-33']","[16278, '[10 11 33 07 816 0155] 7424653168949 JEANS HOMBRE SKINNY MEDIUM RISE CASTAÑO NUEVO T-33']","[1, 'Units']",False,"[1, 'Unik Fashion, S.A.']","[180, 'MAL01/Existencias']","[29, 'Sucursal Malacatán']",False,0,False,[],False,False,False,1.0,0.0,1.0,2026-04-14 15:18:31,none,False,"[26, 'COLORS']",0.0,1.0,0.0,2026-12-31,2026-04-14,False,False,False,MAL01/Existencias,"[2, 'Administrator']",2026-04-14 06:10:22,"[2, 'Administrator']",2026-04-14 15:17:16,0.0,"[165, 'GTQ']",False,average,,False,10 11 33 07 816 0155
55128,"[19940, '[34 101 1614 900 0004] 7425860506982 CAMISETA HOMBRE C/V SLIM FIT ROJO NARANJA T-S']","[19940, '[34 101 1614 900 0004] 7425860506982 CAMISETA HOMBRE C/V SLIM FIT ROJO NARANJA T-S']","[1, 'Units']",False,"[1, 'Unik Fashion, S.A.']","[180, 'MAL01/Existencias']","[29, 'Sucursal Malacatán']",False,0,False,[],False,False,False,1.0,0.0,1.0,2026-04-14 15:18:31,none,False,"[22, 'BASIC JERSEY SOLIDO']",0.0,1.0,0.0,2026-12-31,2026-04-14,False,False,False,MAL01/Existencias,"[2, 'Administrator']",2026-04-14 06:10:22,"[27, 'Raul Casuela']",2026-05-06 18:50:05,0.0,"[165, 'GTQ']",False,average,,False,34 101 1614 900 0004
55130,"[16281, '[10 11 33 07 816 0155] 7424653168970 JEANS HOMBRE SKINNY MEDIUM RISE CASTAÑO NUEVO T-38']","[16281, '[10 11 33 07 816 0155] 7424653168970 JEANS HOMBRE SKINNY MEDIUM RISE CASTAÑO NUEVO T-38']","[1, 'Units']",False,"[1, 'Unik Fashion, S.A.']","[180, 'MAL01/Existencias']","[29, 'Sucursal Malacatán']",False,0,False,[],False,False,False,1.0,0.0,1.0,2026-04-14 15:18:31,none,False,"[26, 'COLORS']",0.0,1.0,0.0,2026-12-31,2026-04-14,False,False,False,MAL01/Existencias,"[2, 'Administrator']",2026-04-14 06:10:22,"[2, 'Administrator']",2026-04-14 15:17:16,0.0,"[165, 'GTQ']",False,average,,False,10 11 33 07 816 0155
55132,"[18904, '[10 11 33 03 781 0022] 7424675645671 JEANS MUJER LONG STRAIGHT SUPER HIGH RISE INDIGO MEDIO T-24']","[18904, '[10 11 33 03 781 0022] 7424675645671 JEANS MUJER LONG STRAIGHT SUPER HIGH RISE INDIGO MEDIO T-24']","[1, 'Units']",False,"[1, 'Unik Fashion, S.A.']","[180, 'MAL01/Existencias']","[29, 'Sucursal Malacatán']",False,0,False,[],False,False,False,1.0,0.0,1.0,2026-04-14 15:18:31,none,False,"[25, 'VINTAGE']",0.0,1.0,0.0,2026-12-31,2026-04-14,False,False,False,MAL01/Existencias,"[2, 'Administrator']",2026-04-14 06:10:22,"[2, 'Administrator']",2026-04-14 15:17:16,0.0,"[165, 'GTQ']",False,average,,False,10 11 33 03 781 0022
55134,"[17835, '[34 101 1614 900 0004] 7424667586838 CAMISETA HOMBRE C/V SLIM FIT NIEBLA T-XL']","[17835, '[34 101 1614 900 0004] 7424667586838 CAMISETA HOMBRE C/V SLIM FIT NIEBLA T-XL']","[1, 'Units']",False,"[1, 'Unik Fashion, S.A.']","[180, 'MAL01/Existencias']","[29, 'Sucursal Malacatán']",False,0,False,[],False,False,False,1.0,0.0,1.0,2026-04-14 15:18:31,none,False,"[22, 'BASIC JERSEY SOLIDO']",0.0,1.0,0.0,2026-12-31,2026-04-14,False,False,False,MAL01/Existencias,"[2, 'Administrator']",2026-04-14 06:10:22,"[27, 'Raul Casuela']",2026-05-06 18:50:05,29.61,"[165, 'GTQ']",False,average,,False,34 101 1614 900 0004
55135,"[19238, '[34 101 1614 900 0004] 7424675659418 CAMISETA HOMBRE C/V SLIM FIT BABY BLUE T-M']","[19238, '[34 101 1614 900 0004] 7424675659418 CAMISETA HOMBRE C/V SLIM FIT BABY BLUE T-M']","[1, 'Units']",False,"[1, 'Unik Fashion, S.A.']","[180, 'MAL01/Existencias']","[29, 'Sucursal Malacatán']",False,0,False,[],False,False,False,1.0,0.0,1.0,2026-04-14 15:18:31,none,False,"[22, 'BASIC JERSEY SOLIDO']",0.0,1.0,0.0,2026-12-31,2026-04-14,False,False,False,MAL01/Existencias,"[2, 'Administrator']",2026-04-14 06:10:22,"[2, 'Administrator']",2026-04-14 15:17:16,0.0,"[165, 'GTQ']",False,average,,False,34 101 1614 900 0004
55145,"[18969, '[34 101 1614 900 0004] 7424675648481 CAMISETA HOMBRE C/V SLIM FIT AZUL T-M']","[18969, '[34 101 1614 900 0004] 7424675648481 CAMISETA HOMBRE C/V SLIM FIT AZUL T-M']","[1, 'Units']",False,"[1, 'Unik Fashion, S.A.']","[180, 'MAL01/Existencias']","[29, 'Sucursal Malacatán']",False,0,False,[],False,False,False,1.0,0.0,1.0,2026-04-14 15:18:31,none,False,"[22, 'BASIC JERSEY SOLIDO']",0.0,1.0,0.0,2026-12-31,2026-04-14,False,False,False,MAL01/Existencias,"[2, 'Administrator']",2026-04-14 06:10:22,"[2, 'Administrator']",2026-04-14 15:17:16,0.0,"[165, 'GTQ']",False,average,,False,34 101 1614 900 0004
55146,"[18970, '[34 101 1614 900 0004] 7424675648498 CAMISETA HOMBRE C/V SLIM FIT AZUL T-S']","[18970, '[34 101 1614 900 0004] 7424675648498 CAMISETA HOMBRE C/V SLIM FIT AZUL T-S']","[1, 'Units']",False,"[1, 'Unik Fashion, S.A.']","[180, 'MAL01/Existencias']","[29, 'Sucursal Malacatán']",False,0,False,[],False,False,False,1.0,0.0,1.0,2026-04-14 15:18:31,none,False,"[22, 'BASIC JERSEY SOLIDO']",0.0,1.0,0.0,2026-12-31,2026-04-14,False,False,False,MAL01/Existencias,"[2, 'Administrator']",2026-04-14 06:10:22,"[2, 'Administrator']",2026-04-14 15:17:16,0.0,"[165, 'GTQ']",False,average,,False,34 101 1614 900 0004
55148,"[15101, '[10 11 33 07 814 0113] [7424634272061] JEANS HOMBRE SLIM MEDIUM RISE  T-33 4U']","[15101, '[10 11 33 07 814 0113] [7424634272061] JEANS HOMBRE SLIM MEDIUM RISE  T-33 4U']","[1, 'Units']",False,"[1, 'Unik Fashion, S.A.']","[180, 'MAL01/Existencias']","[29, 'Sucursal Malacatán']",False,0,False,[],False,False,False,1.0,0.0,1.0,2026-04-14 15:18:31,none,False,"[26, 'COLORS']",0.0,1.0,0.0,2026-12-31,2026-04-14,False,False,False,MAL01/Existencias,"[2, 'Administrator']",2026-04-14 06:10:22,"[2, 'Administrator']",2026-04-14 15:17:16,0.0,"[165, 'GTQ']",False,average,,False,10 11 33 07 814 0113
55151,"[16056, '[10 11 33 07 814 0113] 7424645177133 JEANS HOMBRE SLIM MEDIUM RISE  VERDE MILITAR T-31']","[16056, '[10 11 33 07 814 0113] 7424645177133 JEANS HOMBRE SLIM MEDIUM RISE  VERDE MILITAR T-31']","[1, 'Units']",False,"[1, 'Unik Fashion, S.A.']","[180, 'MAL01/Existencias']","[29, 'Sucursal Malacatán']",False,0,False,[],False,False,False,1.0,0.0,1.0,2026-04-14 15:18:31,none,False,"[26, 'COLORS']",0.0,1.0,0.0,2026-12-31,2026-04-14,False,False,False,MAL01/Existencias,"[2, 'Administrator']",2026-04-14 06:10:22,"[2, 'Administrator']",2026-04-14 15:17:16,0.0,"[165, 'GTQ']",False,average,,False,10 11 33 07 814 0113
55153,"[18905, '[10 11 33 03 781 0022] 7424675645688 JEANS MUJER LONG STRAIGHT SUPER HIGH RISE INDIGO MEDIO T-25']","[18905, '[10 11 33 03 781 0022] 7424675645688 JEANS MUJER LONG STRAIGHT SUPER HIGH RISE INDIGO MEDIO T-25']","[1, 'Units']",False,"[1, 'Unik Fashion, S.A.']","[180, 'MAL01/Existencias']","[29, 'Sucursal Malacatán']",False,0,False,[],False,False,False,1.0,0.0,1.0,2026-04-14 15:18:31,none,False,"[25, 'VINTAGE']",0.0,1.0,0.0,2026-12-31,2026-04-14,False,False,False,MAL01/Existencias,"[2, 'Administrator']",2026-04-14 06:10:22,"[2, 'Administrator']",2026-04-14 15:17:16,0.0,"[165, 'GTQ']",False,average,,False,10 11 33 03 781 0022
55154,"[16136, '[10 11 33 03 814 0760] 7424645199906 JEANS HOMBRE SLIM MEDIUM RISE GRAPHITE PG1 T-38']","[16136, '[10 11 33 03 814 0760] 7424645199906 JEANS HOMBRE SLIM MEDIUM RISE GRAPHITE PG1 T-38']","[1, 'Units']",False,"[1, 'Unik Fashion, S.A.']","[180, 'MAL01/Existencias']","[29, 'Sucursal Malacatán']",False,0,False,[],False,False,False,1.0,0.0,1.0,2026-04-14 15:18:31,none,False,"[25, 'VINTAGE']",0.0,1.0,0.0,2026-12-31,2026-04-14,False,False,False,MAL01/Existencias,"[2, 'Administrator']",2026-04-14 06:10:22,"[2, 'Administrator']",2026-04-14 15:17:16,0.0,"[165, 'GTQ']",False,average,,False,10 11 33 03 814 0760
55160,"[19888, '[34 101 1014 902 0001] 7425850181731 CamiHoC/r M 55']","[19888, '[34 101 1014 902 0001] 7425850181731 CamiHoC/r M 55']","[1, 'Units']",False,"[1, 'Unik Fashion, S.A.']","[180, 'MAL01/Existencias']","[29, 'Sucursal Malacatán']",False,0,False,[],False,False,False,1.0,0.0,1.0,2026-04-14 15:18:31,none,False,"[22, 'BASIC JERSEY SOLIDO']",0.0,1.0,0.0,2026-12-31,2026-04-14,False,False,False,MAL01/Existencias,"[2, 'Administrator']",2026-04-14 06:10:22,"[27, 'Raul Casuela']",2026-05-06 18:50:05,0.0,"[165, 'GTQ']",False,average,,False,34 101 1014 902 0001
55161,"[18523, '[34 106 0713 908 0001] 7424675633333 POLO HOMBRE SLIM FIT CHOCOLATE T-L']","[18523, '[34 106 0713 908 0001] 7424675633333 POLO HOMBRE SLIM FIT CHOCOLATE T-L']","[1, 'Units']",False,"[1, 'Unik Fashion, S.A.']","[180, 'MAL01/Existencias']","[29, 'Sucursal Malacatán']",False,0,False,[],False,False,False,1.0,0.0,1.0,2026-04-14 15:18:31,none,False,"[23, 'BASIC DOBLE PIQUE SOLIDO']",0.0,1.0,0.0,2026-12-31,2026-04-14,False,False,False,MAL01/Existencias,"[2, 'Administrator']",2026-04-14 06:10:22,"[2, 'Administrator']",2026-04-14 15:17:16,0.0,"[165, 'GTQ']",False,average,,False,34 106 0713 908 0001
55165,"[18903, '[10 11 33 03 781 0022] 7424675645619 JEANS MUJER LONG STRAIGHT SUPER HIGH RISE INDIGO MEDIO T-30']","[18903, '[10 11 33 03 781 0022] 7424675645619 JEANS MUJER LONG STRAIGHT SUPER HIGH RISE INDIGO MEDIO T-30']","[1, 'Units']",False,"[1, 'Unik Fashion, S.A.']","[180, 'MAL01/Existencias']","[29, 'Sucursal Malacatán']",False,0,False,[],False,False,False,1.0,0.0,1.0,2026-04-14 15:18:31,none,False,"[25, 'VINTAGE']",0.0,1.0,0.0,2026-12-31,2026-04-14,False,False,False,MAL01/Existencias,"[2, 'Administrator']",2026-04-14 06:10:22,"[2, 'Administrator']",2026-04-14 15:17:16,0.0,"[165, 'GTQ']",False,average,,False,10 11 33 03 781 0022
55166,"[17378, '[34 101 1014 902 0001] 7424667549376 CAMISETA HOMBRE C/R CLASSIC FIT PINK HEATHER T-M']","[17378, '[34 101 1014 902 0001] 7424667549376 CAMISETA HOMBRE C/R CLASSIC FIT PINK HEATHER T-M']","[1, 'Units']",False,"[1, 'Unik Fashion, S.A.']","[180, 'MAL01/Existencias']","[29, 'Sucursal Malacatán']",False,0,False,[],False,False,False,1.0,0.0,1.0,2026-04-14 15:18:31,none,False,"[22, 'BASIC JERSEY SOLIDO']",0.0,1.0,0.0,2026-12-31,2026-04-14,False,False,False,MAL01/Existencias,"[2, 'Administrator']",2026-04-14 06:10:22,"[2, 'Administrator']",2026-04-14 15:17:16,0.0,"[165, 'GTQ']",False,average,,False,34 101 1014 902 0001
55169,"[14592, '[34 101 1014 902 0001] 7423385308029 CamiHoC/r M 09']","[14592, '[34 101 1014 902 0001] 7423385308029 CamiHoC/r M 09']","[1, 'Units']",False,"[1, 'Unik Fashion, S.A.']","[180, 'MAL01/Existencias']","[29, 'Sucursal Malacatán']",False,0,False,[],False,False,False,1.0,0.0,1.0,2026-04-14 15:18:31,none,False,"[22, 'BASIC JERSEY SOLIDO']",0.0,1.0,0.0,2026-12-31,2026-04-14,False,False,False,MAL01/Existencias,"[2, 'Administrator']",2026-04-14 06:10:22,"[27, 'Raul Casuela']",2026-05-06 18:50:05,0.0,"[165, 'GTQ']",False,average,,False,34 101 1014 902 0001
55170,"[14591, '[34 101 1014 902 0001] 7423385308012 CamiHoC/r L 09']","[14591, '[34 101 1014 902 0001] 7423385308012 CamiHoC/r L 09']","[1, 'Units']",False,"[1, 'Unik Fashion, S.A.']","[180, 'MAL01/Existencias']","[29, 'Sucursal Malacatán']",False,0,False,[],False,False,False,1.0,0.0,1.0,2026-04-14 15:18:31,none,False,"[22, 'BASIC JERSEY SOLIDO']",0.0,1.0,0.0,2026-12-31,2026-04-14,False,False,False,MAL01/Existencias,"[2, 'Administrator']",2026-04-14 06:10:22,"[27, 'Raul Casuela']",2026-05-06 18:50:05,0.0,"[165, 'GTQ']",False,average,,False,34 101 1014 902 0001
55172,"[14966, '[10 11 33 07 814 0113] 7424625740722 JEANS HOMBRE SLIM MEDIUM RISE  T-31 LATON NEGRO COBRE']","[14966, '[10 11 33 07 814 0113] 7424625740722 JEANS HOMBRE SLIM MEDIUM RISE  T-31 LATON NEGRO COBRE']","[1, 'Units']",False,"[1, 'Unik Fashion, S.A.']","[180, 'MAL01/Existencias']","[29, 'Sucursal Malacatán']",False,0,False,[],False,False,False,1.0,0.0,1.0,2026-04-14 15:18:31,none,False,"[26, 'COLORS']",0.0,1.0,0.0,2026-12-31,2026-04-14,False,False,False,MAL01/Existencias,"[2, 'Administrator']",2026-04-14 06:10:22,"[2, 'Administrator']",2026-04-14 15:17:16,0.0,"[165, 'GTQ']",False,average,,False,10 11 33 07 814 0113
55173,"[14967, '[10 11 33 07 814 0113] 7424625740739 JEANS HOMBRE SLIM MEDIUM RISE  T-32 LATON NEGRO COBRE']","[14967, '[10 11 33 07 814 0113] 7424625740739 JEANS HOMBRE SLIM MEDIUM RISE  T-32 LATON NEGRO COBRE']","[1, 'Units']",False,"[1, 'Unik Fashion, S.A.']","[180, 'MAL01/Existencias']","[29, 'Sucursal Malacatán']",False,0,False,[],False,False,False,1.0,0.0,1.0,2026-04-14 15:18:31,none,False,"[26, 'COLORS']",0.0,1.0,0.0,2026-12-31,2026-04-14,False,False,False,MAL01/Existencias,"[2, 'Administrator']",2026-04-14 06:10:22,"[2, 'Administrator']",2026-04-14 15:17:16,0.0,"[165, 'GTQ']",False,average,,False,10 11 33 07 814 0113
55175,"[14970, '[10 11 33 07 814 0113] 7424625740777 JEANS HOMBRE SLIM MEDIUM RISE  T-38 LATON NEGRO COBRE']","[14970, '[10 11 33 07 814 0113] 7424625740777 JEANS HOMBRE SLIM MEDIUM RISE  T-38 LATON NEGRO COBRE']","[1, 'Units']",False,"[1, 'Unik Fashion, S.A.']","[180, 'MAL01/Existencias']","[29, 'Sucursal Malacatán']",False,0,False,[],False,False,False,1.0,0.0,1.0,2026-04-14 15:18:31,none,False,"[26, 'COLORS']",0.0,1.0,0.0,2026-12-31,2026-04-14,False,False,False,MAL01/Existencias,"[2, 'Administrator']",2026-04-14 06:10:22,"[2, 'Administrator']",2026-04-14 15:17:16,0.0,"[165, 'GTQ']",False,average,,False,10 11 33 07 814 0113
55185,"[15312, '[34 101 1014 902 0001] 7424641025452 CAMISETA HOMBRE C/R CLASSIC FIT VINTAGE KHAKI HEATHER T-M']","[15312, '[34 101 1014 902 0001] 7424641025452 CAMISETA HOMBRE C/R CLASSIC FIT VINTAGE KHAKI HEATHER T-M']","[1, 'Units']",False,"[1, 'Unik Fashion, S.A.']","[180, 'MAL01/Existencias']","[29, 'Sucursal Malacatán']",False,0,False,[],False,False,False,1.0,0.0,1.0,2026-04-14 15:18:31,none,False,"[22, 'BASIC JERSEY SOLIDO']",0.0,1.0,0.0,2026-12-31,2026-04-14,False,False,False,MAL01/Existencias,"[2, 'Administrator']",2026-04-14 06:10:22,"[27, 'Raul Casuela']",2026-05-06 18:50:05,0.0,"[165, 'GTQ']",False,average,,False,34 101 1014 902 0001
55186,"[19223, '[34 101 1445 525 0001] 7424675659074 CAMISETA MUJER CLASSIC FIT LILA T-M']","[19223, '[34 101 1445 525 0001] 7424675659074 CAMISETA MUJER CLASSIC FIT LILA T-M']","[1, 'Units']",False,"[1, 'Unik Fashion, S.A.']","[180, 'MAL01/Existencias']","[29, 'Sucursal Malacatán']",False,0,False,[],False,False,False,1.0,0.0,1.0,2026-04-14 15:18:31,none,False,"[34, 'IN & OUT']",0.0,1.0,0.0,2026-12-31,2026-04-14,False,False,False,MAL01/Existencias,"[2, 'Administrator']",2026-04-14 06:10:22,"[2, 'Administrator']",2026-04-14 15:17:16,0.0,"[165, 'GTQ']",False,average,,False,34 101 1445 525 0001
55187,"[15313, '[34 101 1014 902 0001] 7424641025469 CAMISETA HOMBRE C/R CLASSIC FIT VINTAGE KHAKI HEATHER T-S']","[15313, '[34 101 1014 902 0001] 7424641025469 CAMISETA HOMBRE C/R CLASSIC FIT VINTAGE KHAKI HEATHER T-S']","[1, 'Units']",False,"[1, 'Unik Fashion, S.A.']","[180, 'MAL01/Existencias']","[29, 'Sucursal Malacatán']",False,0,False,[],False,False,False,1.0,0.0,1.0,2026-04-14 15:18:31,none,False,"[22, 'BASIC JERSEY SOLIDO']",0.0,1.0,0.0,2026-12-31,2026-04-14,False,False,False,MAL01/Existencias,"[2, 'Administrator']",2026-04-14 06:10:22,"[2, 'Administrator']",2026-04-14 15:17:16,0.0,"[165, 'GTQ']",False,average,,False,34 101 1014 902 0001
55188,"[19589, '[35 121 0114 204 0265] 7424675670604 CAMISETA NIÑA C/R REGULAR FIT CEREZO T-8']","[19589, '[35 121 0114 204 0265] 7424675670604 CAMISETA NIÑA C/R REGULAR FIT CEREZO T-8']","[1, 'Units']",False,"[1, 'Unik Fashion, S.A.']","[180, 'MAL01/Existencias']","[29, 'Sucursal Malacatán']",False,0,False,[],False,False,False,1.0,0.0,1.0,2026-04-14 15:18:31,none,False,"[28, 'GRAPHICS']",0.0,1.0,0.0,2026-12-31,2026-04-14,False,False,False,MAL01/Existencias,"[2, 'Administrator']",2026-04-14 06:10:22,"[2, 'Administrator']",2026-04-14 15:17:16,0.0,"[165, 'GTQ']",False,average,,False,35 121 0114 204 0265
55189,"[19296, '[35 121 0114 516 0707] 7424675660513 CAMISETA MUJER C/R SLIM FIT MORADO BIGARO T-M']","[19296, '[35 121 0114 516 0707] 7424675660513 CAMISETA MUJER C/R SLIM FIT MORADO BIGARO T-M']","[1, 'Units']",False,"[1, 'Unik Fashion, S.A.']","[180, 'MAL01/Existencias']","[29, 'Sucursal Malacatán']",False,0,False,[],False,False,False,1.0,0.0,1.0,2026-04-14 15:18:31,none,False,"[28, 'GRAPHICS']",0.0,1.0,0.0,2026-12-31,2026-04-14,False,False,False,MAL01/Existencias,"[2, 'Administrator']",2026-04-14 06:10:22,"[2, 'Administrator']",2026-04-14 15:17:16,0.0,"[165, 'GTQ']",False,average,,False,35 121 0114 516 0707
55198,"[15611, '[34 101 1014 902 0001] 7424645111502 CAMISETA HOMBRE C/R CLASSIC FIT AGUAMARINA T-M']","[15611, '[34 101 1014 902 0001] 7424645111502 CAMISETA HOMBRE C/R CLASSIC FIT AGUAMARINA T-M']","[1, 'Units']",False,"[1, 'Unik Fashion, S.A.']","[180, 'MAL01/Existencias']","[29, 'Sucursal Malacatán']",False,0,False,[],False,False,False,1.0,0.0,1.0,2026-04-14 15:18:31,none,False,"[22, 'BASIC JERSEY SOLIDO']",0.0,1.0,0.0,2026-12-31,2026-04-14,False,False,False,MAL01/Existencias,"[2, 'Administrator']",2026-04-14 06:10:22,"[27, 'Raul Casuela']",2026-05-06 18:50:05,0.0,"[165, 'GTQ']",False,average,,False,34 101 1014 902 0001
55199,"[15610, '[34 101 1014 902 0001] 7424645111496 CAMISETA HOMBRE C/R CLASSIC FIT AGUAMARINA T-L']","[15610, '[34 101 1014 902 0001] 7424645111496 CAMISETA HOMBRE C/R CLASSIC FIT AGUAMARINA T-L']","[1, 'Units']",False,"[1, 'Unik Fashion, S.A.']","[180, 'MAL01/Existencias']","[29, 'Sucursal Malacatán']",False,0,False,[],False,False,False,1.0,0.0,1.0,2026-04-14 15:18:31,none,False,"[22, 'BASIC JERSEY SOLIDO']",0.0,1.0,0.0,2026-12-31,2026-04-14,False,False,False,MAL01/Existencias,"[2, 'Administrator']",2026-04-14 06:10:22,"[2, 'Administrator']",2026-04-14 15:17:16,0.0,"[165, 'GTQ']",False,average,,False,34 101 1014 902 0001
55200,"[15612, '[34 101 1014 902 0001] 7424645111519 CAMISETA HOMBRE C/R CLASSIC FIT AGUAMARINA T-S']","[15612, '[34 101 1014 902 0001] 7424645111519 CAMISETA HOMBRE C/R CLASSIC FIT AGUAMARINA T-S']","[1, 'Units']",False,"[1, 'Unik Fashion, S.A.']","[180, 'MAL01/Existencias']","[29, 'Sucursal Malacatán']",False,0,False,[],False,False,False,1.0,0.0,1.0,2026-04-14 15:18:31,none,False,"[22, 'BASIC JERSEY SOLIDO']",0.0,1.0,0.0,2026-12-31,2026-04-14,False,False,False,MAL01/Existencias,"[2, 'Administrator']",2026-04-14 06:10:22,"[27, 'Raul Casuela']",2026-05-06 18:50:05,0.0,"[165, 'GTQ']",False,average,,False,34 101 1014 902 0001
55207,"[18406, '[34 101 1014 902 0001] 7424675626144 CAMISETA HOMBRE C/R CLASSIC FIT CHOCOLATE T-M']","[18406, '[34 101 1014 902 0001] 7424675626144 CAMISETA HOMBRE C/R CLASSIC FIT CHOCOLATE T-M']","[1, 'Units']",False,"[1, 'Unik Fashion, S.A.']","[180, 'MAL01/Existencias']","[29, 'Sucursal Malacatán']",False,0,False,[],False,False,False,1.0,0.0,1.0,2026-04-14 15:18:31,none,False,"[22, 'BASIC JERSEY SOLIDO']",0.0,1.0,0.0,2026-12-31,2026-04-14,False,False,False,MAL01/Existencias,"[2, 'Administrator']",2026-04-14 06:10:22,"[27, 'Raul Casuela']",2026-05-06 18:50:05,0.0,"[165, 'GTQ']",False,average,,False,34 101 1014 902 0001
55208,"[18742, '[34 101 1014 902 0001] 7424675642120 CAMISETA HOMBRE C/R CLASSIC FIT VERDE PASTEL T-L']","[18742, '[34 101 1014 902 0001] 7424675642120 CAMISETA HOMBRE C/R CLASSIC FIT VERDE PASTEL T-L']","[1, 'Units']",False,"[1, 'Unik Fashion, S.A.']","[180, 'MAL01/Existencias']","[29, 'Sucursal Malacatán']",False,0,False,[],False,False,False,1.0,0.0,1.0,2026-04-14 15:18:31,none,False,"[22, 'BASIC JERSEY SOLIDO']",0.0,1.0,0.0,2026-12-31,2026-04-14,False,False,False,MAL01/Existencias,"[2, 'Administrator']",2026-04-14 06:10:22,"[27, 'Raul Casuela']",2026-05-06 18:50:05,0.0,"[165, 'GTQ']",False,average,,False,34 101 1014 902 0001
55209,"[19019, '[34 102 0810 906 0002] 7424675651627 BOXER HOMBRE TRUNK 3PACK AZUL CARBON/AZUL ACERO/GRIS PLOMO T-M']","[19019, '[34 102 0810 906 0002] 7424675651627 BOXER HOMBRE TRUNK 3PACK AZUL CARBON/AZUL ACERO/GRIS PLOMO T-M']","[1, 'Units']",False,"[1, 'Unik Fashion, S.A.']","[180, 'MAL01/Existencias']","[29, 'Sucursal Malacatán']",False,0,False,[],False,False,False,1.0,0.0,1.0,2026-04-14 15:18:31,none,False,"[24, 'BASIC SPANDEX']",0.0,1.0,0.0,2026-12-31,2026-04-14,False,False,False,MAL01/Existencias,"[2, 'Administrator']",2026-04-14 06:10:22,"[2, 'Administrator']",2026-04-14 15:17:16,0.0,"[165, 'GTQ']",False,average,,False,34 102 0810 906 0002
55210,"[18745, '[34 101 1014 902 0001] 7424675642151 CAMISETA HOMBRE C/R CLASSIC FIT VERDE PASTEL T-XL']","[18745, '[34 101 1014 902 0001] 7424675642151 CAMISETA HOMBRE C/R CLASSIC FIT VERDE PASTEL T-XL']","[1, 'Units']",False,"[1, 'Unik Fashion, S.A.']","[180, 'MAL01/Existencias']","[29, 'Sucursal Malacatán']",False,0,False,[],False,False,False,1.0,0.0,1.0,2026-04-14 15:18:31,none,False,"[22, 'BASIC JERSEY SOLIDO']",0.0,1.0,0.0,2026-12-31,2026-04-14,False,False,False,MAL01/Existencias,"[2, 'Administrator']",2026-04-14 06:10:22,"[27, 'Raul Casuela']",2026-05-06 18:50:05,0.0,"[165, 'GTQ']",False,average,,False,34 101 1014 902 0001
55211,"[15094, '[10 11 33 07 814 0113] 7424634271989 JEANS HOMBRE SLIM MEDIUM RISE  GRIS CLARO T-38']","[15094, '[10 11 33 07 814 0113] 7424634271989 JEANS HOMBRE SLIM MEDIUM RISE  GRIS CLARO T-38']","[1, 'Units']",False,"[1, 'Unik Fashion, S.A.']","[180, 'MAL01/Existencias']","[29, 'Sucursal Malacatán']",False,0,False,[],False,False,False,1.0,0.0,1.0,2026-04-14 15:18:31,none,False,"[26, 'COLORS']",0.0,1.0,0.0,2026-12-31,2026-04-14,False,False,False,MAL01/Existencias,"[2, 'Administrator']",2026-04-14 06:10:22,"[2, 'Administrator']",2026-04-14 15:17:16,0.0,"[165, 'GTQ']",False,average,,False,10 11 33 07 814 0113
55215,"[16045, '[10 11 33 07 814 0113] 7424645176914 JEANS HOMBRE SLIM MEDIUM RISE  KHAKI CLARO T-29']","[16045, '[10 11 33 07 814 0113] 7424645176914 JEANS HOMBRE SLIM MEDIUM RISE  KHAKI CLARO T-29']","[1, 'Units']",False,"[1, 'Unik Fashion, S.A.']","[180, 'MAL01/Existencias']","[29, 'Sucursal Malacatán']",False,0,False,[],False,False,False,1.0,0.0,1.0,2026-04-14 15:18:31,none,False,"[26, 'COLORS']",0.0,1.0,0.0,2026-12-31,2026-04-14,False,False,False,MAL01/Existencias,"[2, 'Administrator']",2026-04-14 06:10:22,"[2, 'Administrator']",2026-04-14 15:17:16,0.0,"[165, 'GTQ']",False,average,,False,10 11 33 07 814 0113
55221,"[17701, '[10 11 33 03 829 0008] 7424667576907 JEANS HOMBRE BAGGY FIT INDIGO CLARO T-31']","[17701, '[10 11 33 03 829 0008] 7424667576907 JEANS HOMBRE BAGGY FIT INDIGO CLARO T-31']","[1, 'Units']",False,"[1, 'Unik Fashion, S.A.']","[180, 'MAL01/Existencias']","[29, 'Sucursal Malacatán']",False,0,False,[],False,False,False,1.0,0.0,1.0,2026-04-14 15:18:31,none,False,"[25, 'VINTAGE']",0.0,1.0,0.0,2026-12-31,2026-04-14,False,False,False,MAL01/Existencias,"[2, 'Administrator']",2026-04-14 06:10:22,"[2, 'Administrator']",2026-04-14 15:17:16,0.0,"[165, 'GTQ']",False,average,,False,10 11 33 03 829 0008
55228,"[16047, '[10 11 33 07 814 0113] 7424645176938 JEANS HOMBRE SLIM MEDIUM RISE  KHAKI CLARO T-31']","[16047, '[10 11 33 07 814 0113] 7424645176938 JEANS HOMBRE SLIM MEDIUM RISE  KHAKI CLARO T-31']","[1, 'Units']",False,"[1, 'Unik Fashion, S.A.']","[180, 'MAL01/Existencias']","[29, 'Sucursal Malacatán']",False,0,False,[],False,False,False,1.0,0.0,1.0,2026-04-14 15:18:32,none,False,"[26, 'COLORS']",0.0,1.0,0.0,2026-12-31,2026-04-14,False,False,False,MAL01/Existencias,"[2, 'Administrator']",2026-04-14 06:10:22,"[2, 'Administrator']",2026-04-14 15:17:16,0.0,"[165, 'GTQ']",False,average,,False,10 11 33 07 814 0113
55229,"[17705, '[10 11 33 03 829 0008] 7424667576952 JEANS HOMBRE BAGGY FIT INDIGO CLARO T-38']","[17705, '[10 11 33 03 829 0008] 7424667576952 JEANS HOMBRE BAGGY FIT INDIGO CLARO T-38']","[1, 'Units']",False,"[1, 'Unik Fashion, S.A.']","[180, 'MAL01/Existencias']","[29, 'Sucursal Malacatán']",False,0,False,[],False,False,False,1.0,0.0,1.0,2026-04-14 15:18:32,none,False,"[25, 'VINTAGE']",0.0,1.0,0.0,2026-12-31,2026-04-14,False,False,False,MAL01/Existencias,"[2, 'Administrator']",2026-04-14 06:10:22,"[2, 'Administrator']",2026-04-14 15:17:16,0.0,"[165, 'GTQ']",False,average,,False,10 11 33 03 829 0008
55238,"[16266, '[10 11 33 07 814 0131] 7424653168673 JEANS HOMBRE SLIM MEDIUM RISE CASTAÑO NUEVO T-28']","[16266, '[10 11 33 07 814 0131] 7424653168673 JEANS HOMBRE SLIM MEDIUM RISE CASTAÑO NUEVO T-28']","[1, 'Units']",False,"[1, 'Unik Fashion, S.A.']","[180, 'MAL01/Existencias']","[29, 'Sucursal Malacatán']",False,0,False,[],False,False,False,1.0,0.0,1.0,2026-04-14 15:18:32,none,False,"[26, 'COLORS']",0.0,1.0,0.0,2026-12-31,2026-04-14,False,False,False,MAL01/Existencias,"[2, 'Administrator']",2026-04-14 06:10:22,"[2, 'Administrator']",2026-04-14 15:17:16,0.0,"[165, 'GTQ']",False,average,,False,10 11 33 07 814 0131
55249,"[19606, '[35 121 0114 516 0713] 7424675672066 CAMISETA MUJER C/R SLIM FIT DAPHNE T-M']","[19606, '[35 121 0114 516 0713] 7424675672066 CAMISETA MUJER C/R SLIM FIT DAPHNE T-M']","[1, 'Units']",False,"[1, 'Unik Fashion, S.A.']","[180, 'MAL01/Existencias']","[29, 'Sucursal Malacatán']",False,0,False,[],False,False,False,1.0,0.0,1.0,2026-04-14 15:18:32,none,False,"[28, 'GRAPHICS']",0.0,1.0,0.0,2026-12-31,2026-04-14,False,False,False,MAL01/Existencias,"[2, 'Administrator']",2026-04-14 06:10:22,"[2, 'Administrator']",2026-04-14 15:17:16,0.0,"[165, 'GTQ']",False,average,,False,35 121 0114 516 0713
55263,"[19984, '[34 101 1614 500 0001] 7425860524092 CamiMujeC/v XL 09']","[19984, '[34 101 1614 500 0001] 7425860524092 CamiMujeC/v XL 09']","[1, 'Units']",False,"[1, 'Unik Fashion, S.A.']","[180, 'MAL01/Existencias']","[29, 'Sucursal Malacatán']",False,0,False,[],False,False,False,1.0,0.0,1.0,2026-04-14 15:18:32,none,False,"[22, 'BASIC JERSEY SOLIDO']",0.0,1.0,0.0,2026-12-31,2026-04-14,False,False,False,MAL01/Existencias,"[2, 'Administrator']",2026-04-14 06:10:22,"[27, 'Raul Casuela']",2026-05-06 18:50:05,0.0,"[165, 'GTQ']",False,average,,False,34 101 1614 500 0001
55267,"[16269, '[10 11 33 07 814 0131] 7424653168758 JEANS HOMBRE SLIM MEDIUM RISE CASTAÑO NUEVO T-31']","[16269, '[10 11 33 07 814 0131] 7424653168758 JEANS HOMBRE SLIM MEDIUM RISE CASTAÑO NUEVO T-31']","[1, 'Units']",False,"[1, 'Unik Fashion, S.A.']","[180, 'MAL01/Existencias']","[29, 'Sucursal Malacatán']",False,0,False,[],False,False,False,1.0,0.0,1.0,2026-04-14 15:18:32,none,False,"[26, 'COLORS']",0.0,1.0,0.0,2026-12-31,2026-04-14,False,False,False,MAL01/Existencias,"[2, 'Administrator']",2026-04-14 06:10:22,"[2, 'Administrator']",2026-04-14 15:17:16,0.0,"[165, 'GTQ']",False,average,,False,10 11 33 07 814 0131
55289,"[16273, '[10 11 33 07 814 0131] 7424653168840 JEANS HOMBRE SLIM MEDIUM RISE CASTAÑO NUEVO T-38']","[16273, '[10 11 33 07 814 0131] 7424653168840 JEANS HOMBRE SLIM MEDIUM RISE CASTAÑO NUEVO T-38']","[1, 'Units']",False,"[1, 'Unik Fashion, S.A.']","[180, 'MAL01/Existencias']","[29, 'Sucursal Malacatán']",False,0,False,[],False,False,False,1.0,0.0,1.0,2026-04-14 15:18:32,none,False,"[26, 'COLORS']",0.0,1.0,0.0,2026-12-31,2026-04-14,False,False,False,MAL01/Existencias,"[2, 'Administrator']",2026-04-14 06:10:22,"[2, 'Administrator']",2026-04-14 15:17:16,0.0,"[165, 'GTQ']",False,average,,False,10 11 33 07 814 0131
55291,"[14949, '[10 11 33 07 816 0129] 7424625740371 JeanHoSkinMedi 34 28']","[14949, '[10 11 33 07 816 0129] 7424625740371 JeanHoSkinMedi 34 28']","[1, 'Units']",False,"[1, 'Unik Fashion, S.A.']","[180, 'MAL01/Existencias']","[29, 'Sucursal Malacatán']",False,0,False,[],False,False,False,1.0,0.0,1.0,2026-04-14 15:18:32,none,False,"[26, 'COLORS']",0.0,1.0,0.0,2026-12-31,2026-04-14,False,False,False,MAL01/Existencias,"[2, 'Administrator']",2026-04-14 06:10:22,"[2, 'Administrator']",2026-04-14 15:17:16,0.0,"[165, 'GTQ']",False,average,,False,10 11 33 07 816 0129
55294,"[18391, '[34 101 1614 500 0001] 7424675625840 CAMISETA MUJER C/V SLIM FIT CHAMPAGNE T-S']","[18391, '[34 101 1614 500 0001] 7424675625840 CAMISETA MUJER C/V SLIM FIT CHAMPAGNE T-S']","[1, 'Units']",False,"[1, 'Unik Fashion, S.A.']","[180, 'MAL01/Existencias']","[29, 'Sucursal Malacatán']",False,0,False,[],False,False,False,1.0,0.0,1.0,2026-04-14 15:18:32,none,False,"[22, 'BASIC JERSEY SOLIDO']",0.0,1.0,0.0,2026-12-31,2026-04-14,False,False,False,MAL01/Existencias,"[2, 'Administrator']",2026-04-14 06:10:22,"[27, 'Raul Casuela']",2026-05-06 18:50:05,0.0,"[165, 'GTQ']",False,average,,False,34 101 1614 500 0001
55295,"[14950, '[10 11 33 07 816 0129] 7424625740388 JeanHoSkinMedi 36 28']","[14950, '[10 11 33 07 816 0129] 7424625740388 JeanHoSkinMedi 36 28']","[1, 'Units']",False,"[1, 'Unik Fashion, S.A.']","[180, 'MAL01/Existencias']","[29, 'Sucursal Malacatán']",False,0,False,[],False,False,False,1.0,0.0,1.0,2026-04-14 15:18:32,none,False,"[26, 'COLORS']",0.0,1.0,0.0,2026-12-31,2026-04-14,False,False,False,MAL01/Existencias,"[2, 'Administrator']",2026-04-14 06:10:22,"[2, 'Administrator']",2026-04-14 15:17:16,0.0,"[165, 'GTQ']",False,average,,False,10 11 33 07 816 0129
55298,"[14946, '[10 11 33 07 816 0129] 7424625740340 JeanHoSkinMedi 30 28']","[14946, '[10 11 33 07 816 0129] 7424625740340 JeanHoSkinMedi 30 28']","[1, 'Units']",False,"[1, 'Unik Fashion, S.A.']","[180, 'MAL01/Existencias']","[29, 'Sucursal Malacatán']",False,0,False,[],False,False,False,1.0,0.0,1.0,2026-04-14 15:18:32,none,False,"[26, 'COLORS']",0.0,1.0,0.0,2026-12-31,2026-04-14,False,False,False,MAL01/Existencias,"[2, 'Administrator']",2026-04-14 06:10:22,"[2, 'Administrator']",2026-04-14 15:17:16,0.0,"[165, 'GTQ']",False,average,,False,10 11 33 07 816 0129
55301,"[17035, '[10 11 33 03 816 0889] 7424667515883 JEANS HOMBRE SKINNY MEDIUM RISE INDIGO OSCURO T-38']","[17035, '[10 11 33 03 816 0889] 7424667515883 JEANS HOMBRE SKINNY MEDIUM RISE INDIGO OSCURO T-38']","[1, 'Units']",False,"[1, 'Unik Fashion, S.A.']","[180, 'MAL01/Existencias']","[29, 'Sucursal Malacatán']",False,0,False,[],False,False,False,2.0,0.0,2.0,2026-04-14 15:18:32,none,False,"[25, 'VINTAGE']",0.0,2.0,0.0,2026-12-31,2026-04-14,False,False,False,MAL01/Existencias,"[2, 'Administrator']",2026-04-14 06:10:22,"[2, 'Administrator']",2026-04-14 15:17:16,0.0,"[165, 'GTQ']",False,average,,False,10 11 33 03 816 0889
55307,"[16735, '[34 101 1614 500 0001] 7424659580226 CAMISETA MUJER C/V SLIM FIT AMARILLO T-L']","[16735, '[34 101 1614 500 0001] 7424659580226 CAMISETA MUJER C/V SLIM FIT AMARILLO T-L']","[1, 'Units']",False,"[1, 'Unik Fashion, S.A.']","[180, 'MAL01/Existencias']","[29, 'Sucursal Malacatán']",False,0,False,[],False,False,False,1.0,0.0,1.0,2026-04-14 15:18:32,none,False,"[22, 'BASIC JERSEY SOLIDO']",0.0,1.0,0.0,2026-12-31,2026-04-14,False,False,False,MAL01/Existencias,"[2, 'Administrator']",2026-04-14 06:10:22,"[27, 'Raul Casuela']",2026-05-06 18:50:05,0.0,"[165, 'GTQ']",False,average,,False,34 101 1614 500 0001
55308,"[16737, '[34 101 1614 500 0001] 7424659580240 CAMISETA MUJER C/V SLIM FIT AMARILLO T-S']","[16737, '[34 101 1614 500 0001] 7424659580240 CAMISETA MUJER C/V SLIM FIT AMARILLO T-S']","[1, 'Units']",False,"[1, 'Unik Fashion, S.A.']","[180, 'MAL01/Existencias']","[29, 'Sucursal Malacatán']",False,0,False,[],False,False,False,1.0,0.0,1.0,2026-04-14 15:18:32,none,False,"[22, 'BASIC JERSEY SOLIDO']",0.0,1.0,0.0,2026-12-31,2026-04-14,False,False,False,MAL01/Existencias,"[2, 'Administrator']",2026-04-14 06:10:22,"[27, 'Raul Casuela']",2026-05-06 18:50:05,0.0,"[165, 'GTQ']",False,average,,False,34 101 1614 500 0001
55309,"[14635, '[34 101 1614 900 0004] 7423398680808 CAMISETA HOMBRE C/V SLIM FIT CORAL VIVO T-M']","[14635, '[34 101 1614 900 0004] 7423398680808 CAMISETA HOMBRE C/V SLIM FIT CORAL VIVO T-M']","[1, 'Units']",False,"[1, 'Unik Fashion, S.A.']","[180, 'MAL01/Existencias']","[29, 'Sucursal Malacatán']",False,0,False,[],False,False,False,2.0,0.0,2.0,2026-04-14 15:18:32,none,False,"[22, 'BASIC JERSEY SOLIDO']",0.0,2.0,0.0,2026-12-31,2026-04-14,False,False,False,MAL01/Existencias,"[2, 'Administrator']",2026-04-14 06:10:22,"[2, 'Administrator']",2026-04-14 15:17:16,0.0,"[165, 'GTQ']",False,average,,False,34 101 1614 900 0004
55311,"[17836, '[34 101 1014 902 0001] 7424667586876 CAMISETA HOMBRE C/R CLASSIC FIT BABY BLUE T-M']","[17836, '[34 101 1014 902 0001] 7424667586876 CAMISETA HOMBRE C/R CLASSIC FIT BABY BLUE T-M']","[1, 'Units']",False,"[1, 'Unik Fashion, S.A.']","[180, 'MAL01/Existencias']","[29, 'Sucursal Malacatán']",False,0,False,[],False,False,False,1.0,0.0,1.0,2026-04-14 15:18:32,none,False,"[22, 'BASIC JERSEY SOLIDO']",0.0,1.0,0.0,2026-12-31,2026-04-14,False,False,False,MAL01/Existencias,"[2, 'Administrator']",2026-04-14 06:10:22,"[27, 'Raul Casuela']",2026-05-07 18:47:00,0.0,"[165, 'GTQ']",False,average,,False,34 101 1014 902 0001
55321,"[18407, '[34 101 1014 902 0001] 7424675626151 CAMISETA HOMBRE C/R CLASSIC FIT CHOCOLATE T-S']","[18407, '[34 101 1014 902 0001] 7424675626151 CAMISETA HOMBRE C/R CLASSIC FIT CHOCOLATE T-S']","[1, 'Units']",False,"[1, 'Unik Fashion, S.A.']","[180, 'MAL01/Existencias']","[29, 'Sucursal Malacatán']",False,0,False,[],False,False,False,1.0,0.0,1.0,2026-04-14 15:18:32,none,False,"[22, 'BASIC JERSEY SOLIDO']",0.0,1.0,0.0,2026-12-31,2026-04-14,False,False,False,MAL01/Existencias,"[2, 'Administrator']",2026-04-14 06:10:22,"[27, 'Raul Casuela']",2026-05-06 19:06:16,0.0,"[165, 'GTQ']",False,average,,False,34 101 1014 902 0001
55322,"[18743, '[34 101 1014 902 0001] 7424675642137 CAMISETA HOMBRE C/R CLASSIC FIT VERDE PASTEL T-M']","[18743, '[34 101 1014 902 0001] 7424675642137 CAMISETA HOMBRE C/R CLASSIC FIT VERDE PASTEL T-M']","[1, 'Units']",False,"[1, 'Unik Fashion, S.A.']","[180, 'MAL01/Existencias']","[29, 'Sucursal Malacatán']",False,0,False,[],False,False,False,2.0,0.0,2.0,2026-04-14 15:18:32,none,False,"[22, 'BASIC JERSEY SOLIDO']",0.0,2.0,0.0,2026-12-31,2026-04-14,False,False,False,MAL01/Existencias,"[2, 'Administrator']",2026-04-14 06:10:22,"[27, 'Raul Casuela']",2026-05-06 18:50:05,0.0,"[165, 'GTQ']",False,average,,False,34 101 1014 902 0001
55324,"[14784, '[30 1 1 917 31 0001] 7424619001372 CalcHoMedi 3-PACK-H D3']","[14784, '[30 1 1 917 31 0001] 7424619001372 CalcHoMedi 3-PACK-H D3']","[1, 'Units']",False,"[1, 'Unik Fashion, S.A.']","[180, 'MAL01/Existencias']","[29, 'Sucursal Malacatán']",False,0,False,[],False,False,False,2.0,0.0,2.0,2026-04-14 15:18:32,none,False,"[27, 'CALCETA DEPORTIVA MEDIA TOALLA']",0.0,2.0,0.0,2026-12-31,2026-04-14,False,False,False,MAL01/Existencias,"[2, 'Administrator']",2026-04-14 06:10:22,"[2, 'Administrator']",2026-04-14 15:17:16,15.27,"[165, 'GTQ']",False,average,,False,30 1 1 917 31 0001
55330,"[15276, '[34 101 1614 900 0004] 7424641022178 CAMISETA HOMBRE C/V SLIM FIT VINTAGE KHAKI HEATHER T-L']","[15276, '[34 101 1614 900 0004] 7424641022178 CAMISETA HOMBRE C/V SLIM FIT VINTAGE KHAKI HEATHER T-L']","[1, 'Units']",False,"[1, 'Unik Fashion, S.A.']","[180, 'MAL01/Existencias']","[29, 'Sucursal Malacatán']",False,0,False,[],False,False,False,1.0,0.0,1.0,2026-04-14 15:18:32,none,False,"[22, 'BASIC JERSEY SOLIDO']",0.0,1.0,0.0,2026-12-31,2026-04-14,False,False,False,MAL01/Existencias,"[2, 'Administrator']",2026-04-14 06:10:22,"[27, 'Raul Casuela']",2026-05-06 18:50:05,0.0,"[165, 'GTQ']",False,average,,False,34 101 1614 900 0004
55333,"[17807, '[30 1 1 518 41 0011] 7424667585510 TOBILLERA MUJER CORTA MODA 3PACK AZUL GRIS T-3-PACK-D']","[17807, '[30 1 1 518 41 0011] 7424667585510 TOBILLERA MUJER CORTA MODA 3PACK AZUL GRIS T-3-PACK-D']","[1, 'Units']",False,"[1, 'Unik Fashion, S.A.']","[180, 'MAL01/Existencias']","[29, 'Sucursal Malacatán']",False,0,False,[],False,False,False,1.0,0.0,1.0,2026-04-14 15:18:32,none,False,"[38, 'TOBILLERA ACTIVE CUSHION MODA']",0.0,1.0,0.0,2026-12-31,2026-04-14,False,False,False,MAL01/Existencias,"[2, 'Administrator']",2026-04-14 06:10:22,"[27, 'Raul Casuela']",2026-05-06 18:18:26,0.0,"[165, 'GTQ']",False,average,,False,30 1 1 518 41 0011
55334,"[17808, '[30 1 1 518 41 0012] 7424667585541 TOBILLERA MUJER CORTA MODA 3PACK PEACH H/LIGHT GREY H/MINT H T-3-PACK-D']","[17808, '[30 1 1 518 41 0012] 7424667585541 TOBILLERA MUJER CORTA MODA 3PACK PEACH H/LIGHT GREY H/MINT H T-3-PACK-D']","[1, 'Units']",False,"[1, 'Unik Fashion, S.A.']","[180, 'MAL01/Existencias']","[29, 'Sucursal Malacatán']",False,0,False,[],False,False,False,1.0,0.0,1.0,2026-04-14 15:18:32,none,False,"[38, 'TOBILLERA ACTIVE CUSHION MODA']",0.0,1.0,0.0,2026-12-31,2026-04-14,False,False,False,MAL01/Existencias,"[2, 'Administrator']",2026-04-14 06:10:22,"[27, 'Raul Casuela']",2026-05-06 18:18:26,0.0,"[165, 'GTQ']",False,average,,False,30 1 1 518 41 0012
55335,"[17702, '[10 11 33 03 829 0008] 7424667576914 JEANS HOMBRE BAGGY FIT INDIGO CLARO T-32']","[17702, '[10 11 33 03 829 0008] 7424667576914 JEANS HOMBRE BAGGY FIT INDIGO CLARO T-32']","[1, 'Units']",False,"[1, 'Unik Fashion, S.A.']","[180, 'MAL01/Existencias']","[29, 'Sucursal Malacatán']",False,0,False,[],False,False,False,2.0,0.0,2.0,2026-04-14 15:18:32,none,False,"[25, 'VINTAGE']",0.0,2.0,0.0,2026-12-31,2026-04-14,False,False,False,MAL01/Existencias,"[2, 'Administrator']",2026-04-14 06:10:22,"[2, 'Administrator']",2026-04-14 15:17:16,0.0,"[165, 'GTQ']",False,average,,False,10 11 33 03 829 0008
55341,"[19893, '[34 101 2414 903 0001] 7425850181786 CamiHoS/m S 55']","[19893, '[34 101 2414 903 0001] 7425850181786 CamiHoS/m S 55']","[1, 'Units']",False,"[1, 'Unik Fashion, S.A.']","[180, 'MAL01/Existencias']","[29, 'Sucursal Malacatán']",False,0,False,[],False,False,False,2.0,0.0,2.0,2026-04-14 15:18:32,none,False,"[22, 'BASIC JERSEY SOLIDO']",0.0,2.0,0.0,2026-12-31,2026-04-14,False,False,False,MAL01/Existencias,"[2, 'Administrator']",2026-04-14 06:10:22,"[2, 'Administrator']",2026-04-14 15:17:16,0.0,"[165, 'GTQ']",False,average,,False,34 101 2414 903 0001
55355,"[17814, '[30 1 1 918 41 0009] 7424667585756 TOBILLERA HOMBRE CORTA MODA 3PACK AZUL GRIS T-3-PACK-H']","[17814, '[30 1 1 918 41 0009] 7424667585756 TOBILLERA HOMBRE CORTA MODA 3PACK AZUL GRIS T-3-PACK-H']","[1, 'Units']",False,"[1, 'Unik Fashion, S.A.']","[180, 'MAL01/Existencias']","[29, 'Sucursal Malacatán']",False,0,False,[],False,False,False,1.0,0.0,1.0,2026-04-14 15:18:32,none,False,"[38, 'TOBILLERA ACTIVE CUSHION MODA']",0.0,1.0,0.0,2026-12-31,2026-04-14,False,False,False,MAL01/Existencias,"[2, 'Administrator']",2026-04-14 06:10:22,"[27, 'Raul Casuela']",2026-05-06 23:35:26,0.0,"[165, 'GTQ']",False,average,,False,30 1 1 918 41 0009
55357,"[17509, '[10 11 33 03 814 0872] 7424667561347 JEANS HOMBRE SLIM MEDIUM RISE INDIGO OSCURO T-34']","[17509, '[10 11 33 03 814 0872] 7424667561347 JEANS HOMBRE SLIM MEDIUM RISE INDIGO OSCURO T-34']","[1, 'Units']",False,"[1, 'Unik Fashion, S.A.']","[180, 'MAL01/Existencias']","[29, 'Sucursal Malacatán']",False,0,False,[],False,False,False,1.0,0.0,1.0,2026-04-14 15:18:32,none,False,"[25, 'VINTAGE']",0.0,1.0,0.0,2026-12-31,2026-04-14,False,False,False,MAL01/Existencias,"[2, 'Administrator']",2026-04-14 06:10:22,"[27, 'Raul Casuela']",2026-05-13 02:22:52,0.0,"[165, 'GTQ']",False,average,,False,10 11 33 03 814 0872
55366,"[14802, '[34 101 1614 900 0004] 7424619018059 CAMISETA HOMBRE C/V SLIM FIT NARANJA MARTE T-S']","[14802, '[34 101 1614 900 0004] 7424619018059 CAMISETA HOMBRE C/V SLIM FIT NARANJA MARTE T-S']","[1, 'Units']",False,"[1, 'Unik Fashion, S.A.']","[180, 'MAL01/Existencias']","[29, 'Sucursal Malacatán']",False,0,False,[],False,False,False,2.0,0.0,2.0,2026-04-14 15:18:32,none,False,"[22, 'BASIC JERSEY SOLIDO']",0.0,2.0,0.0,2026-12-31,2026-04-14,False,False,False,MAL01/Existencias,"[2, 'Administrator']",2026-04-14 06:10:22,"[27, 'Raul Casuela']",2026-05-06 18:50:05,0.0,"[165, 'GTQ']",False,average,,False,34 101 1614 900 0004
55375,"[14920, '[34 101 1614 500 0001] 7424625711371 CAMISETA MUJER C/V SLIM FIT AZUL MARINERO T-S']","[14920, '[34 101 1614 500 0001] 7424625711371 CAMISETA MUJER C/V SLIM FIT AZUL MARINERO T-S']","[1, 'Units']",False,"[1, 'Unik Fashion, S.A.']","[180, 'MAL01/Existencias']","[29, 'Sucursal Malacatán']",False,0,False,[],False,False,False,1.0,0.0,1.0,2026-04-14 15:18:32,none,False,"[22, 'BASIC JERSEY SOLIDO']",0.0,1.0,0.0,2026-12-31,2026-04-14,False,False,False,MAL01/Existencias,"[2, 'Administrator']",2026-04-14 06:10:22,"[27, 'Raul Casuela']",2026-05-06 18:50:05,0.0,"[165, 'GTQ']",False,average,,False,34 101 1614 500 0001
55380,"[15549, '[34 101 1614 500 0001] 7424645100841 CAMISETA MUJER C/V SLIM FIT AGUAMARINA T-S']","[15549, '[34 101 1614 500 0001] 7424645100841 CAMISETA MUJER C/V SLIM FIT AGUAMARINA T-S']","[1, 'Units']",False,"[1, 'Unik Fashion, S.A.']","[180, 'MAL01/Existencias']","[29, 'Sucursal Malacatán']",False,0,False,[],False,False,False,1.0,0.0,1.0,2026-04-14 15:18:32,none,False,"[22, 'BASIC JERSEY SOLIDO']",0.0,1.0,0.0,2026-12-31,2026-04-14,False,False,False,MAL01/Existencias,"[2, 'Administrator']",2026-04-14 06:10:22,"[27, 'Raul Casuela']",2026-05-06 18:50:05,0.0,"[165, 'GTQ']",False,average,,False,34 101 1614 500 0001
55381,"[16070, '[10 11 33 07 711 0119] 7424645177775 JEANS MUJER SKINNY HIGH RISE NEGRO T-27']","[16070, '[10 11 33 07 711 0119] 7424645177775 JEANS MUJER SKINNY HIGH RISE NEGRO T-27']","[1, 'Units']",False,"[1, 'Unik Fashion, S.A.']","[180, 'MAL01/Existencias']","[29, 'Sucursal Malacatán']",False,0,False,[],False,False,False,3.0,0.0,3.0,2026-04-14 15:18:32,none,False,"[26, 'COLORS']",0.0,3.0,0.0,2026-12-31,2026-04-14,False,False,False,MAL01/Existencias,"[2, 'Administrator']",2026-04-14 06:10:22,"[2, 'Administrator']",2026-04-14 15:17:16,0.0,"[165, 'GTQ']",False,average,,False,10 11 33 07 711 0119
55383,"[16071, '[10 11 33 07 711 0119] 7424645177782 JEANS MUJER SKINNY HIGH RISE NEGRO T-28']","[16071, '[10 11 33 07 711 0119] 7424645177782 JEANS MUJER SKINNY HIGH RISE NEGRO T-28']","[1, 'Units']",False,"[1, 'Unik Fashion, S.A.']","[180, 'MAL01/Existencias']","[29, 'Sucursal Malacatán']",False,0,False,[],False,False,False,3.0,0.0,3.0,2026-04-14 15:18:32,none,False,"[26, 'COLORS']",0.0,3.0,0.0,2026-12-31,2026-04-14,False,False,False,MAL01/Existencias,"[2, 'Administrator']",2026-04-14 06:10:22,"[2, 'Administrator']",2026-04-14 15:17:16,0.0,"[165, 'GTQ']",False,average,,False,10 11 33 07 711 0119
55388,"[18951, '[34 101 1014 902 0001] 7424675647989 CAMISETA HOMBRE C/R CLASSIC FIT AZUL T-S']","[18951, '[34 101 1014 902 0001] 7424675647989 CAMISETA HOMBRE C/R CLASSIC FIT AZUL T-S']","[1, 'Units']",False,"[1, 'Unik Fashion, S.A.']","[180, 'MAL01/Existencias']","[29, 'Sucursal Malacatán']",False,0,False,[],False,False,False,1.0,0.0,1.0,2026-04-14 15:18:32,none,False,"[22, 'BASIC JERSEY SOLIDO']",0.0,1.0,0.0,2026-12-31,2026-04-14,False,False,False,MAL01/Existencias,"[2, 'Administrator']",2026-04-14 06:10:22,"[27, 'Raul Casuela']",2026-05-07 18:47:00,0.0,"[165, 'GTQ']",False,average,,False,34 101 1014 902 0001
55389,"[17810, '[30 1 1 518 41 0014] 7424667585602 TOBILLERA MUJER CORTA MODA 3PACK AZUL GRIS T-3-PACK-D']","[17810, '[30 1 1 518 41 0014] 7424667585602 TOBILLERA MUJER CORTA MODA 3PACK AZUL GRIS T-3-PACK-D']","[1, 'Units']",False,"[1, 'Unik Fashion, S.A.']","[180, 'MAL01/Existencias']","[29, 'Sucursal Malacatán']",False,0,False,[],False,False,False,1.0,0.0,1.0,2026-04-14 15:18:32,none,False,"[38, 'TOBILLERA ACTIVE CUSHION MODA']",0.0,1.0,0.0,2026-12-31,2026-04-14,False,False,False,MAL01/Existencias,"[2, 'Administrator']",2026-04-14 06:10:22,"[27, 'Raul Casuela']",2026-05-06 18:18:26,0.0,"[165, 'GTQ']",False,average,,False,30 1 1 518 41 0014
55391,"[19240, '[34 101 1614 900 0004] 7424675659463 CAMISETA HOMBRE C/V SLIM FIT CORINTO T-L']","[19240, '[34 101 1614 900 0004] 7424675659463 CAMISETA HOMBRE C/V SLIM FIT CORINTO T-L']","[1, 'Units']",False,"[1, 'Unik Fashion, S.A.']","[180, 'MAL01/Existencias']","[29, 'Sucursal Malacatán']",False,0,False,[],False,False,False,3.0,0.0,3.0,2026-04-14 15:18:32,none,False,"[22, 'BASIC JERSEY SOLIDO']",0.0,3.0,0.0,2026-12-31,2026-04-14,False,False,False,MAL01/Existencias,"[2, 'Administrator']",2026-04-14 06:10:22,"[27, 'Raul Casuela']",2026-05-06 18:50:05,0.0,"[165, 'GTQ']",False,average,,False,34 101 1614 900 0004
55394,"[15277, '[34 101 1614 900 0004] 7424641022185 CAMISETA HOMBRE C/V SLIM FIT VINTAGE KHAKI HEATHER T-M']","[15277, '[34 101 1614 900 0004] 7424641022185 CAMISETA HOMBRE C/V SLIM FIT VINTAGE KHAKI HEATHER T-M']","[1, 'Units']",False,"[1, 'Unik Fashion, S.A.']","[180, 'MAL01/Existencias']","[29, 'Sucursal Malacatán']",False,0,False,[],False,False,False,1.0,0.0,1.0,2026-04-14 15:18:32,none,False,"[22, 'BASIC JERSEY SOLIDO']",0.0,1.0,0.0,2026-12-31,2026-04-14,False,False,False,MAL01/Existencias,"[2, 'Administrator']",2026-04-14 06:10:22,"[27, 'Raul Casuela']",2026-05-06 18:50:05,0.0,"[165, 'GTQ']",False,average,,False,34 101 1614 900 0004
55395,"[19241, '[34 101 1614 900 0004] 7424675659470 CAMISETA HOMBRE C/V SLIM FIT CORINTO T-M']","[19241, '[34 101 1614 900 0004] 7424675659470 CAMISETA HOMBRE C/V SLIM FIT CORINTO T-M']","[1, 'Units']",False,"[1, 'Unik Fashion, S.A.']","[180, 'MAL01/Existencias']","[29, 'Sucursal Malacatán']",False,0,False,[],False,False,False,3.0,0.0,3.0,2026-04-14 15:18:32,none,False,"[22, 'BASIC JERSEY SOLIDO']",0.0,3.0,0.0,2026-12-31,2026-04-14,False,False,False,MAL01/Existencias,"[2, 'Administrator']",2026-04-14 06:10:22,"[27, 'Raul Casuela']",2026-05-06 18:50:05,0.0,"[165, 'GTQ']",False,average,,False,34 101 1614 900 0004
55396,"[18950, '[34 101 1014 902 0001] 7424675647972 CAMISETA HOMBRE C/R CLASSIC FIT AZUL T-M']","[18950, '[34 101 1014 902 0001] 7424675647972 CAMISETA HOMBRE C/R CLASSIC FIT AZUL T-M']","[1, 'Units']",False,"[1, 'Unik Fashion, S.A.']","[180, 'MAL01/Existencias']","[29, 'Sucursal Malacatán']",False,0,False,[],False,False,False,1.0,0.0,1.0,2026-04-14 15:18:32,none,False,"[22, 'BASIC JERSEY SOLIDO']",0.0,1.0,0.0,2026-12-31,2026-04-14,False,False,False,MAL01/Existencias,"[2, 'Administrator']",2026-04-14 06:10:22,"[27, 'Raul Casuela']",2026-05-07 18:47:00,0.0,"[165, 'GTQ']",False,average,,False,34 101 1014 902 0001
55400,"[19243, '[34 101 1614 900 0004] 7424675659494 CAMISETA HOMBRE C/V SLIM FIT CORINTO T-XL']","[19243, '[34 101 1614 900 0004] 7424675659494 CAMISETA HOMBRE C/V SLIM FIT CORINTO T-XL']","[1, 'Units']",False,"[1, 'Unik Fashion, S.A.']","[180, 'MAL01/Existencias']","[29, 'Sucursal Malacatán']",False,0,False,[],False,False,False,2.0,0.0,2.0,2026-04-14 15:18:32,none,False,"[22, 'BASIC JERSEY SOLIDO']",0.0,2.0,0.0,2026-12-31,2026-04-14,False,False,False,MAL01/Existencias,"[2, 'Administrator']",2026-04-14 06:10:22,"[27, 'Raul Casuela']",2026-05-06 18:12:03,0.0,"[165, 'GTQ']",False,average,,False,34 101 1614 900 0004
55401,"[18388, '[34 101 1614 500 0001] 7424675625789 CAMISETA MUJER C/V SLIM FIT CHOCOLATE T-S']","[18388, '[34 101 1614 500 0001] 7424675625789 CAMISETA MUJER C/V SLIM FIT CHOCOLATE T-S']","[1, 'Units']",False,"[1, 'Unik Fashion, S.A.']","[180, 'MAL01/Existencias']","[29, 'Sucursal Malacatán']",False,0,False,[],False,False,False,1.0,0.0,1.0,2026-04-14 15:18:32,none,False,"[22, 'BASIC JERSEY SOLIDO']",0.0,1.0,0.0,2026-12-31,2026-04-14,False,False,False,MAL01/Existencias,"[2, 'Administrator']",2026-04-14 06:10:22,"[27, 'Raul Casuela']",2026-05-07 00:08:00,0.0,"[165, 'GTQ']",False,average,,False,34 101 1614 500 0001
55402,"[15547, '[34 101 1614 500 0001] 7424645100827 CAMISETA MUJER C/V SLIM FIT AGUAMARINA T-L']","[15547, '[34 101 1614 500 0001] 7424645100827 CAMISETA MUJER C/V SLIM FIT AGUAMARINA T-L']","[1, 'Units']",False,"[1, 'Unik Fashion, S.A.']","[180, 'MAL01/Existencias']","[29, 'Sucursal Malacatán']",False,0,False,[],False,False,False,2.0,0.0,2.0,2026-04-14 15:18:32,none,False,"[22, 'BASIC JERSEY SOLIDO']",0.0,2.0,0.0,2026-12-31,2026-04-14,False,False,False,MAL01/Existencias,"[2, 'Administrator']",2026-04-14 06:10:22,"[27, 'Raul Casuela']",2026-05-06 18:50:05,0.0,"[165, 'GTQ']",False,average,,False,34 101 1614 500 0001
55404,"[19985, '[34 101 1614 500 0001] 7425860524108 CamiMujeC/v XS 09']","[19985, '[34 101 1614 500 0001] 7425860524108 CamiMujeC/v XS 09']","[1, 'Units']",False,"[1, 'Unik Fashion, S.A.']","[180, 'MAL01/Existencias']","[29, 'Sucursal Malacatán']",False,0,False,[],False,False,False,1.0,0.0,1.0,2026-04-14 15:18:32,none,False,"[22, 'BASIC JERSEY SOLIDO']",0.0,1.0,0.0,2026-12-31,2026-04-14,False,False,False,MAL01/Existencias,"[2, 'Administrator']",2026-04-14 06:10:22,"[27, 'Raul Casuela']",2026-05-06 18:50:05,0.0,"[165, 'GTQ']",False,average,,False,34 101 1614 500 0001
55406,"[16072, '[10 11 33 07 711 0119] 7424645177799 JEANS MUJER SKINNY HIGH RISE NEGRO T-29']","[16072, '[10 11 33 07 711 0119] 7424645177799 JEANS MUJER SKINNY HIGH RISE NEGRO T-29']","[1, 'Units']",False,"[1, 'Unik Fashion, S.A.']","[180, 'MAL01/Existencias']","[29, 'Sucursal Malacatán']",False,0,False,[],False,False,False,3.0,0.0,3.0,2026-04-14 15:18:32,none,False,"[26, 'COLORS']",0.0,3.0,0.0,2026-12-31,2026-04-14,False,False,False,MAL01/Existencias,"[2, 'Administrator']",2026-04-14 06:10:22,"[2, 'Administrator']",2026-04-14 15:17:16,0.0,"[165, 'GTQ']",False,average,,False,10 11 33 07 711 0119
55407,"[18390, '[34 101 1614 500 0001] 7424675625833 CAMISETA MUJER C/V SLIM FIT CHAMPAGNE T-M']","[18390, '[34 101 1614 500 0001] 7424675625833 CAMISETA MUJER C/V SLIM FIT CHAMPAGNE T-M']","[1, 'Units']",False,"[1, 'Unik Fashion, S.A.']","[180, 'MAL01/Existencias']","[29, 'Sucursal Malacatán']",False,0,False,[],False,False,False,2.0,0.0,2.0,2026-04-14 15:18:32,none,False,"[22, 'BASIC JERSEY SOLIDO']",0.0,2.0,0.0,2026-12-31,2026-04-14,False,False,False,MAL01/Existencias,"[2, 'Administrator']",2026-04-14 06:10:22,"[27, 'Raul Casuela']",2026-05-07 00:08:00,0.0,"[165, 'GTQ']",False,average,,False,34 101 1614 500 0001
55408,"[18952, '[34 101 1014 902 0001] 7424675647996 CAMISETA HOMBRE C/R CLASSIC FIT AZUL T-XL']","[18952, '[34 101 1014 902 0001] 7424675647996 CAMISETA HOMBRE C/R CLASSIC FIT AZUL T-XL']","[1, 'Units']",False,"[1, 'Unik Fashion, S.A.']","[180, 'MAL01/Existencias']","[29, 'Sucursal Malacatán']",False,0,False,[],False,False,False,1.0,0.0,1.0,2026-04-14 15:18:32,none,False,"[22, 'BASIC JERSEY SOLIDO']",0.0,1.0,0.0,2026-12-31,2026-04-14,False,False,False,MAL01/Existencias,"[2, 'Administrator']",2026-04-14 06:10:22,"[27, 'Raul Casuela']",2026-05-07 18:47:00,0.0,"[165, 'GTQ']",False,average,,False,34 101 1014 902 0001
55411,"[18968, '[34 101 1614 900 0004] 7424675648474 CAMISETA HOMBRE C/V SLIM FIT AZUL T-L']","[18968, '[34 101 1614 900 0004] 7424675648474 CAMISETA HOMBRE C/V SLIM FIT AZUL T-L']","[1, 'Units']",False,"[1, 'Unik Fashion, S.A.']","[180, 'MAL01/Existencias']","[29, 'Sucursal Malacatán']",False,0,False,[],False,False,False,3.0,0.0,3.0,2026-04-14 15:18:32,none,False,"[22, 'BASIC JERSEY SOLIDO']",0.0,3.0,0.0,2026-12-31,2026-04-14,False,False,False,MAL01/Existencias,"[2, 'Administrator']",2026-04-14 06:10:22,"[27, 'Raul Casuela']",2026-05-06 18:50:05,0.0,"[165, 'GTQ']",False,average,,False,34 101 1614 900 0004
55412,"[18378, '[34 101 1614 900 0004] 7424675625642 CAMISETA HOMBRE C/V SLIM FIT CHOCOLATE T-L']","[18378, '[34 101 1614 900 0004] 7424675625642 CAMISETA HOMBRE C/V SLIM FIT CHOCOLATE T-L']","[1, 'Units']",False,"[1, 'Unik Fashion, S.A.']","[180, 'MAL01/Existencias']","[29, 'Sucursal Malacatán']",False,0,False,[],False,False,False,2.0,0.0,2.0,2026-04-14 15:18:32,none,False,"[22, 'BASIC JERSEY SOLIDO']",0.0,2.0,0.0,2026-12-31,2026-04-14,False,False,False,MAL01/Existencias,"[2, 'Administrator']",2026-04-14 06:10:22,"[27, 'Raul Casuela']",2026-05-06 17:59:42,0.0,"[165, 'GTQ']",False,average,,False,34 101 1614 900 0004
55419,"[19872, '[34 101 1614 900 0004] 7425850171299 CamiHoC/vSlim M 39']","[19872, '[34 101 1614 900 0004] 7425850171299 CamiHoC/vSlim M 39']","[1, 'Units']",False,"[1, 'Unik Fashion, S.A.']","[180, 'MAL01/Existencias']","[29, 'Sucursal Malacatán']",False,0,False,[],False,False,False,2.0,0.0,2.0,2026-04-14 15:18:32,none,False,"[22, 'BASIC JERSEY SOLIDO']",0.0,2.0,0.0,2026-12-31,2026-04-14,False,False,False,MAL01/Existencias,"[2, 'Administrator']",2026-04-14 06:10:22,"[27, 'Raul Casuela']",2026-05-06 19:06:16,0.0,"[165, 'GTQ']",False,average,,False,34 101 1614 900 0004
55422,"[19981, '[34 101 1614 500 0001] 7425860524061 CamiMujeC/v L 09']","[19981, '[34 101 1614 500 0001] 7425860524061 CamiMujeC/v L 09']","[1, 'Units']",False,"[1, 'Unik Fashion, S.A.']","[180, 'MAL01/Existencias']","[29, 'Sucursal Malacatán']",False,0,False,[],False,False,False,3.0,0.0,3.0,2026-04-14 15:18:32,none,False,"[22, 'BASIC JERSEY SOLIDO']",0.0,3.0,0.0,2026-12-31,2026-04-14,False,False,False,MAL01/Existencias,"[2, 'Administrator']",2026-04-14 06:10:22,"[27, 'Raul Casuela']",2026-05-06 18:50:05,0.0,"[165, 'GTQ']",False,average,,False,34 101 1614 500 0001
55424,"[15613, '[34 101 1014 902 0001] 7424645111526 CAMISETA HOMBRE C/R CLASSIC FIT AGUAMARINA T-XL']","[15613, '[34 101 1014 902 0001] 7424645111526 CAMISETA HOMBRE C/R CLASSIC FIT AGUAMARINA T-XL']","[1, 'Units']",False,"[1, 'Unik Fashion, S.A.']","[180, 'MAL01/Existencias']","[29, 'Sucursal Malacatán']",False,0,False,[],False,False,False,3.0,0.0,3.0,2026-04-14 15:18:32,none,False,"[22, 'BASIC JERSEY SOLIDO']",0.0,3.0,0.0,2026-12-31,2026-04-14,False,False,False,MAL01/Existencias,"[2, 'Administrator']",2026-04-14 06:10:22,"[27, 'Raul Casuela']",2026-05-06 18:50:05,0.0,"[165, 'GTQ']",False,average,,False,34 101 1014 902 0001
55426,"[14630, '[30 1 1 518 31 0001] 7423398638182 CalcMujeCort 3-PACK-D 09']","[14630, '[30 1 1 518 31 0001] 7423398638182 CalcMujeCort 3-PACK-D 09']","[1, 'Units']",False,"[1, 'Unik Fashion, S.A.']","[180, 'MAL01/Existencias']","[29, 'Sucursal Malacatán']",False,0,False,[],False,False,False,1.0,0.0,1.0,2026-04-14 15:18:32,none,False,"[27, 'CALCETA DEPORTIVA MEDIA TOALLA']",0.0,1.0,0.0,2026-12-31,2026-04-14,False,False,False,MAL01/Existencias,"[2, 'Administrator']",2026-04-14 06:10:22,"[27, 'Raul Casuela']",2026-05-06 18:18:26,2.67,"[165, 'GTQ']",False,average,,False,30 1 1 518 31 0001
55427,"[18380, '[34 101 1614 900 0004] 7424675625666 CAMISETA HOMBRE C/V SLIM FIT CHOCOLATE T-S']","[18380, '[34 101 1614 900 0004] 7424675625666 CAMISETA HOMBRE C/V SLIM FIT CHOCOLATE T-S']","[1, 'Units']",False,"[1, 'Unik Fashion, S.A.']","[180, 'MAL01/Existencias']","[29, 'Sucursal Malacatán']",False,0,False,[],False,False,False,2.0,0.0,2.0,2026-04-14 15:18:32,none,False,"[22, 'BASIC JERSEY SOLIDO']",0.0,2.0,0.0,2026-12-31,2026-04-14,False,False,False,MAL01/Existencias,"[2, 'Administrator']",2026-04-14 06:10:22,"[27, 'Raul Casuela']",2026-05-06 17:59:42,0.0,"[165, 'GTQ']",False,average,,False,34 101 1614 900 0004
55429,"[19916, '[34 101 1614 900 0004] 7425860502359 CamiHoC/vSlim M 51']","[19916, '[34 101 1614 900 0004] 7425860502359 CamiHoC/vSlim M 51']","[1, 'Units']",False,"[1, 'Unik Fashion, S.A.']","[180, 'MAL01/Existencias']","[29, 'Sucursal Malacatán']",False,0,False,[],False,False,False,2.0,0.0,2.0,2026-04-14 15:18:32,none,False,"[22, 'BASIC JERSEY SOLIDO']",0.0,2.0,0.0,2026-12-31,2026-04-14,False,False,False,MAL01/Existencias,"[2, 'Administrator']",2026-04-14 06:10:22,"[27, 'Raul Casuela']",2026-05-06 19:06:16,0.0,"[165, 'GTQ']",False,average,,False,34 101 1614 900 0004
55433,"[19877, '[34 101 1614 900 0004] 7425850175617 CamiHoC/vSlim M 55']","[19877, '[34 101 1614 900 0004] 7425850175617 CamiHoC/vSlim M 55']","[1, 'Units']",False,"[1, 'Unik Fashion, S.A.']","[180, 'MAL01/Existencias']","[29, 'Sucursal Malacatán']",False,0,False,[],False,False,False,2.0,0.0,2.0,2026-04-14 15:18:32,none,False,"[22, 'BASIC JERSEY SOLIDO']",0.0,2.0,0.0,2026-12-31,2026-04-14,False,False,False,MAL01/Existencias,"[2, 'Administrator']",2026-04-14 06:10:22,"[27, 'Raul Casuela']",2026-05-06 18:50:05,0.0,"[165, 'GTQ']",False,average,,False,34 101 1614 900 0004
55434,"[14629, '[30 1 1 518 31 0001] 7423398638175 CalcMujeCort 3-PACK-D 02']","[14629, '[30 1 1 518 31 0001] 7423398638175 CalcMujeCort 3-PACK-D 02']","[1, 'Units']",False,"[1, 'Unik Fashion, S.A.']","[180, 'MAL01/Existencias']","[29, 'Sucursal Malacatán']",False,0,False,[],False,False,False,1.0,0.0,1.0,2026-04-14 15:18:32,none,False,"[27, 'CALCETA DEPORTIVA MEDIA TOALLA']",0.0,1.0,0.0,2026-12-31,2026-04-14,False,False,False,MAL01/Existencias,"[2, 'Administrator']",2026-04-14 06:10:22,"[27, 'Raul Casuela']",2026-05-07 18:47:00,1.86,"[165, 'GTQ']",False,average,,False,30 1 1 518 31 0001
55436,"[19848, '[34 101 1614 900 0004] 7425850167292 CamiHoC/vSlim S 09']","[19848, '[34 101 1614 900 0004] 7425850167292 CamiHoC/vSlim S 09']","[1, 'Units']",False,"[1, 'Unik Fashion, S.A.']","[180, 'MAL01/Existencias']","[29, 'Sucursal Malacatán']",False,0,False,[],False,False,False,4.0,0.0,4.0,2026-04-14 15:18:32,none,False,"[22, 'BASIC JERSEY SOLIDO']",0.0,4.0,0.0,2026-12-31,2026-04-14,False,False,False,MAL01/Existencias,"[2, 'Administrator']",2026-04-14 06:10:22,"[27, 'Raul Casuela']",2026-05-06 18:50:05,0.0,"[165, 'GTQ']",False,average,,False,34 101 1614 900 0004
55437,"[15260, '[34 101 1614 500 0001] 7424641020372 CAMISETA MUJER C/V T-M PINK HEATHER']","[15260, '[34 101 1614 500 0001] 7424641020372 CAMISETA MUJER C/V T-M PINK HEATHER']","[1, 'Units']",False,"[1, 'Unik Fashion, S.A.']","[180, 'MAL01/Existencias']","[29, 'Sucursal Malacatán']",False,0,False,[],False,False,False,2.0,0.0,2.0,2026-04-14 15:18:32,none,False,"[22, 'BASIC JERSEY SOLIDO']",0.0,2.0,0.0,2026-12-31,2026-04-14,False,False,False,MAL01/Existencias,"[2, 'Administrator']",2026-04-14 06:10:22,"[27, 'Raul Casuela']",2026-05-06 18:50:05,0.0,"[165, 'GTQ']",False,average,,False,34 101 1614 500 0001
55438,"[17976, '[34 101 1614 500 0001] 7424667596851 CAMISETA MUJER C/V SLIM FIT BABY BLUE T-M']","[17976, '[34 101 1614 500 0001] 7424667596851 CAMISETA MUJER C/V SLIM FIT BABY BLUE T-M']","[1, 'Units']",False,"[1, 'Unik Fashion, S.A.']","[180, 'MAL01/Existencias']","[29, 'Sucursal Malacatán']",False,0,False,[],False,False,False,1.0,0.0,1.0,2026-04-14 15:18:32,none,False,"[22, 'BASIC JERSEY SOLIDO']",0.0,1.0,0.0,2026-12-31,2026-04-14,False,False,False,MAL01/Existencias,"[2, 'Administrator']",2026-04-14 06:10:22,"[27, 'Raul Casuela']",2026-05-06 18:50:05,0.0,"[165, 'GTQ']",False,average,,False,34 101 1614 500 0001
55439,"[16736, '[34 101 1614 500 0001] 7424659580233 CAMISETA MUJER C/V SLIM FIT AMARILLO T-M']","[16736, '[34 101 1614 500 0001] 7424659580233 CAMISETA MUJER C/V SLIM FIT AMARILLO T-M']","[1, 'Units']",False,"[1, 'Unik Fashion, S.A.']","[180, 'MAL01/Existencias']","[29, 'Sucursal Malacatán']",False,0,False,[],False,False,False,1.0,0.0,1.0,2026-04-14 15:18:32,none,False,"[22, 'BASIC JERSEY SOLIDO']",0.0,1.0,0.0,2026-12-31,2026-04-14,False,False,False,MAL01/Existencias,"[2, 'Administrator']",2026-04-14 06:10:22,"[27, 'Raul Casuela']",2026-05-07 01:41:44,0.0,"[165, 'GTQ']",False,average,,False,34 101 1614 500 0001
55440,"[16738, '[34 101 1614 500 0001] 7424659580257 CAMISETA MUJER C/V SLIM FIT AMARILLO T-XL']","[16738, '[34 101 1614 500 0001] 7424659580257 CAMISETA MUJER C/V SLIM FIT AMARILLO T-XL']","[1, 'Units']",False,"[1, 'Unik Fashion, S.A.']","[180, 'MAL01/Existencias']","[29, 'Sucursal Malacatán']",False,0,False,[],False,False,False,1.0,0.0,1.0,2026-04-14 15:18:32,none,False,"[22, 'BASIC JERSEY SOLIDO']",0.0,1.0,0.0,2026-12-31,2026-04-14,False,False,False,MAL01/Existencias,"[2, 'Administrator']",2026-04-14 06:10:22,"[27, 'Raul Casuela']",2026-05-07 00:08:00,0.0,"[165, 'GTQ']",False,average,,False,34 101 1614 500 0001
55442,"[18405, '[34 101 1014 902 0001] 7424675626137 CAMISETA HOMBRE C/R CLASSIC FIT CHOCOLATE T-L']","[18405, '[34 101 1014 902 0001] 7424675626137 CAMISETA HOMBRE C/R CLASSIC FIT CHOCOLATE T-L']","[1, 'Units']",False,"[1, 'Unik Fashion, S.A.']","[180, 'MAL01/Existencias']","[29, 'Sucursal Malacatán']",False,0,False,[],False,False,False,1.0,0.0,1.0,2026-04-14 15:18:32,none,False,"[22, 'BASIC JERSEY SOLIDO']",0.0,1.0,0.0,2026-12-31,2026-04-14,False,False,False,MAL01/Existencias,"[2, 'Administrator']",2026-04-14 06:10:22,"[27, 'Raul Casuela']",2026-05-07 18:47:00,0.0,"[165, 'GTQ']",False,average,,False,34 101 1014 902 0001
55443,"[18408, '[34 101 1014 902 0001] 7424675626168 CAMISETA HOMBRE C/R CLASSIC FIT CHOCOLATE T-XL']","[18408, '[34 101 1014 902 0001] 7424675626168 CAMISETA HOMBRE C/R CLASSIC FIT CHOCOLATE T-XL']","[1, 'Units']",False,"[1, 'Unik Fashion, S.A.']","[180, 'MAL01/Existencias']","[29, 'Sucursal Malacatán']",False,0,False,[],False,False,False,1.0,0.0,1.0,2026-04-14 15:18:32,none,False,"[22, 'BASIC JERSEY SOLIDO']",0.0,1.0,0.0,2026-12-31,2026-04-14,False,False,False,MAL01/Existencias,"[2, 'Administrator']",2026-04-14 06:10:22,"[27, 'Raul Casuela']",2026-05-07 18:47:00,0.0,"[165, 'GTQ']",False,average,,False,34 101 1014 902 0001
55444,"[18387, '[34 101 1614 500 0001] 7424675625772 CAMISETA MUJER C/V SLIM FIT CHOCOLATE T-M']","[18387, '[34 101 1614 500 0001] 7424675625772 CAMISETA MUJER C/V SLIM FIT CHOCOLATE T-M']","[1, 'Units']",False,"[1, 'Unik Fashion, S.A.']","[180, 'MAL01/Existencias']","[29, 'Sucursal Malacatán']",False,0,False,[],False,False,False,1.0,0.0,1.0,2026-04-14 15:18:32,none,False,"[22, 'BASIC JERSEY SOLIDO']",0.0,1.0,0.0,2026-12-31,2026-04-14,False,False,False,MAL01/Existencias,"[2, 'Administrator']",2026-04-14 06:10:22,"[27, 'Raul Casuela']",2026-05-07 00:08:00,0.0,"[165, 'GTQ']",False,average,,False,34 101 1614 500 0001
55445,"[18385, '[34 101 1614 900 0004] 7424675625734 CAMISETA HOMBRE C/V SLIM FIT FRAPPE T-XL']","[18385, '[34 101 1614 900 0004] 7424675625734 CAMISETA HOMBRE C/V SLIM FIT FRAPPE T-XL']","[1, 'Units']",False,"[1, 'Unik Fashion, S.A.']","[180, 'MAL01/Existencias']","[29, 'Sucursal Malacatán']",False,0,False,[],False,False,False,1.0,0.0,1.0,2026-04-14 15:18:32,none,False,"[22, 'BASIC JERSEY SOLIDO']",0.0,1.0,0.0,2026-12-31,2026-04-14,False,False,False,MAL01/Existencias,"[2, 'Administrator']",2026-04-14 06:10:22,"[27, 'Raul Casuela']",2026-05-07 01:26:29,0.0,"[165, 'GTQ']",False,average,,False,34 101 1614 900 0004
55447,"[14919, '[34 101 1614 500 0001] 7424625711364 CAMISETA MUJER C/V SLIM FIT AZUL MARINERO T-M']","[14919, '[34 101 1614 500 0001] 7424625711364 CAMISETA MUJER C/V SLIM FIT AZUL MARINERO T-M']","[1, 'Units']",False,"[1, 'Unik Fashion, S.A.']","[180, 'MAL01/Existencias']","[29, 'Sucursal Malacatán']",False,0,False,[],False,False,False,2.0,0.0,2.0,2026-04-14 15:18:32,none,False,"[22, 'BASIC JERSEY SOLIDO']",0.0,2.0,0.0,2026-12-31,2026-04-14,False,False,False,MAL01/Existencias,"[2, 'Administrator']",2026-04-14 06:10:22,"[27, 'Raul Casuela']",2026-05-06 18:50:05,0.0,"[165, 'GTQ']",False,average,,False,34 101 1614 500 0001
55448,"[18383, '[34 101 1614 900 0004] 7424675625710 CAMISETA HOMBRE C/V SLIM FIT FRAPPE T-M']","[18383, '[34 101 1614 900 0004] 7424675625710 CAMISETA HOMBRE C/V SLIM FIT FRAPPE T-M']","[1, 'Units']",False,"[1, 'Unik Fashion, S.A.']","[180, 'MAL01/Existencias']","[29, 'Sucursal Malacatán']",False,0,False,[],False,False,False,3.0,0.0,3.0,2026-04-14 15:18:32,none,False,"[22, 'BASIC JERSEY SOLIDO']",0.0,3.0,0.0,2026-12-31,2026-04-14,False,False,False,MAL01/Existencias,"[2, 'Administrator']",2026-04-14 06:10:22,"[27, 'Raul Casuela']",2026-05-06 18:50:05,0.0,"[165, 'GTQ']",False,average,,False,34 101 1614 900 0004
55449,"[19986, '[34 101 1614 500 0001] 7425860524115 CamiMujeC/v L 55']","[19986, '[34 101 1614 500 0001] 7425860524115 CamiMujeC/v L 55']","[1, 'Units']",False,"[1, 'Unik Fashion, S.A.']","[180, 'MAL01/Existencias']","[29, 'Sucursal Malacatán']",False,0,False,[],False,False,False,3.0,0.0,3.0,2026-04-14 15:18:32,none,False,"[22, 'BASIC JERSEY SOLIDO']",0.0,3.0,0.0,2026-12-31,2026-04-14,False,False,False,MAL01/Existencias,"[2, 'Administrator']",2026-04-14 06:10:22,"[27, 'Raul Casuela']",2026-05-07 01:26:29,0.0,"[165, 'GTQ']",False,average,,False,34 101 1614 500 0001
55451,"[19878, '[34 101 1614 900 0004] 7425850175624 CamiHoC/vSlim S 55']","[19878, '[34 101 1614 900 0004] 7425850175624 CamiHoC/vSlim S 55']","[1, 'Units']",False,"[1, 'Unik Fashion, S.A.']","[180, 'MAL01/Existencias']","[29, 'Sucursal Malacatán']",False,0,False,[],False,False,False,4.0,0.0,4.0,2026-04-14 15:18:32,none,False,"[22, 'BASIC JERSEY SOLIDO']",0.0,4.0,0.0,2026-12-31,2026-04-14,False,False,False,MAL01/Existencias,"[2, 'Administrator']",2026-04-14 06:10:22,"[27, 'Raul Casuela']",2026-05-06 18:50:05,0.0,"[165, 'GTQ']",False,average,,False,34 101 1614 900 0004
